Decade,Name,Gender,Births,Rank
1920,Robert,Male,576373,1
1920,John,Male,564054,2
1920,James,Male,515301,3
1920,William,Male,512403,4
1920,Charles,Male,298031,5
1920,George,Male,261945,6
1920,Joseph,Male,243811,7
1920,Richard,Male,222602,8
1920,Edward,Male,197348,9
1920,Donald,Male,191819,10
1920,Thomas,Male,161109,11
1920,Frank,Male,151830,12
1920,Harold,Male,133585,13
1920,Paul,Male,132387,14
1920,Raymond,Male,124213,15
1920,Walter,Male,119810,16
1920,Jack,Male,115985,17
1920,Henry,Male,104553,18
1920,Kenneth,Male,99490,19
1920,Arthur,Male,97112,20
1920,Albert,Male,94432,21
1920,David,Male,88739,22
1920,Harry,Male,86183,23
1920,Eugene,Male,84755,24
1920,Ralph,Male,84466,25
1920,Howard,Male,70347,26
1920,Carl,Male,69852,27
1920,Willie,Male,67992,28
1920,Louis,Male,67694,29
1920,Clarence,Male,66575,30
1920,Earl,Male,63603,31
1920,Roy,Male,63259,32
1920,Fred,Male,62743,33
1920,Joe,Male,62676,34
1920,Francis,Male,59096,35
1920,Lawrence,Male,56866,36
1920,Herbert,Male,56531,37
1920,Leonard,Male,53794,38
1920,Ernest,Male,53654,39
1920,Alfred,Male,50156,40
1920,Anthony,Male,50056,41
1920,Stanley,Male,49456,42
1920,Norman,Male,49363,43
1920,Gerald,Male,44522,44
1920,Daniel,Male,43412,45
1920,Samuel,Male,43362,46
1920,Bernard,Male,42410,47
1920,Billy,Male,42096,48
1920,Melvin,Male,40583,49
1920,Marvin,Male,39588,50
1920,Warren,Male,38775,51
1920,Michael,Male,37894,52
1920,Leroy,Male,37870,53
1920,Russell,Male,37208,54
1920,Leo,Male,36960,55
1920,Andrew,Male,35953,56
1920,Edwin,Male,35255,57
1920,Elmer,Male,34919,58
1920,Peter,Male,34069,59
1920,Floyd,Male,33157,60
1920,Lloyd,Male,33126,61
1920,Ray,Male,32045,62
1920,Frederick,Male,31513,63
1920,Theodore,Male,31287,64
1920,Clifford,Male,31243,65
1920,Vernon,Male,29432,66
1920,Herman,Male,29011,67
1920,Clyde,Male,28955,68
1920,Chester,Male,28435,69
1920,Philip,Male,27268,70
1920,Alvin,Male,26872,71
1920,Lester,Male,26513,72
1920,Wayne,Male,26402,73
1920,Vincent,Male,26238,74
1920,Gordon,Male,25622,75
1920,Leon,Male,25577,76
1920,Lewis,Male,25327,77
1920,Charlie,Male,25176,78
1920,Glenn,Male,25157,79
1920,Calvin,Male,24784,80
1920,Martin,Male,24242,81
1920,Milton,Male,24198,82
1920,Lee,Male,23556,83
1920,Jesse,Male,23170,84
1920,Dale,Male,22751,85
1920,Cecil,Male,22528,86
1920,Bill,Male,22291,87
1920,Harvey,Male,21786,88
1920,Roger,Male,21753,89
1920,Victor,Male,21498,90
1920,Benjamin,Male,21028,91
1920,Wallace,Male,20915,92
1920,Ronald,Male,20895,93
1920,Sam,Male,20844,94
1920,Allen,Male,20092,95
1920,Arnold,Male,19531,96
1920,Willard,Male,18441,97
1920,Gilbert,Male,18233,98
1920,Edgar,Male,18037,99
1920,Oscar,Male,17740,100
1930,Robert,Male,590787,1
1930,James,Male,547462,2
1930,John,Male,487932,3
1930,William,Male,416720,4
1930,Richard,Male,330481,5
1930,Charles,Male,303205,6
1930,Donald,Male,283705,7
1930,George,Male,192285,8
1930,Thomas,Male,183867,9
1930,Joseph,Male,180557,10
1930,David,Male,164694,11
1930,Edward,Male,147842,12
1930,Ronald,Male,140331,13
1930,Paul,Male,125767,14
1930,Kenneth,Male,125103,15
1930,Frank,Male,108085,16
1930,Raymond,Male,99580,17
1930,Jack,Male,96393,18
1930,Harold,Male,95467,19
1930,Billy,Male,88339,20
1930,Gerald,Male,82816,21
1930,Walter,Male,80903,22
1930,Jerry,Male,80688,23
1930,Joe,Male,71466,24
1930,Eugene,Male,70939,25
1930,Henry,Male,70417,26
1930,Bobby,Male,69416,27
1930,Arthur,Male,67730,28
1930,Carl,Male,66754,29
1930,Larry,Male,65247,30
1930,Ralph,Male,63800,31
1930,Albert,Male,62827,32
1930,Willie,Male,62467,33
1930,Fred,Male,56162,34
1930,Michael,Male,56001,35
1930,Lawrence,Male,54486,36
1930,Harry,Male,53116,37
1930,Howard,Male,51494,38
1930,Roy,Male,51494,39
1930,Norman,Male,49987,40
1930,Roger,Male,49611,41
1930,Daniel,Male,47998,42
1930,Louis,Male,47750,43
1930,Earl,Male,44611,44
1930,Gary,Male,43592,45
1930,Clarence,Male,42674,46
1930,Anthony,Male,42541,47
1930,Francis,Male,41384,48
1930,Wayne,Male,41139,49
1930,Marvin,Male,41084,50
1930,Ernest,Male,39343,51
1930,Leonard,Male,39214,52
1930,Herbert,Male,37821,53
1930,Melvin,Male,37705,54
1930,Stanley,Male,37130,55
1930,Leroy,Male,36256,56
1930,Don,Male,35978,57
1930,Peter,Male,35821,58
1930,Jimmy,Male,35397,59
1930,Alfred,Male,34390,60
1930,Dale,Male,32535,61
1930,Bill,Male,32333,62
1930,Samuel,Male,32133,63
1930,Bernard,Male,30544,64
1930,Ray,Male,30211,65
1930,Gene,Male,29312,66
1930,Philip,Male,28847,67
1930,Russell,Male,28840,68
1930,Frederick,Male,26603,69
1930,Franklin,Male,26380,70
1930,Dennis,Male,26367,71
1930,Douglas,Male,26032,72
1930,Jimmie,Male,25811,73
1930,Gordon,Male,25458,74
1930,Andrew,Male,25023,75
1930,Theodore,Male,24957,76
1930,Floyd,Male,24887,77
1930,Johnny,Male,24595,78
1930,Allen,Male,24356,79
1930,Glenn,Male,24221,80
1930,Bruce,Male,24119,81
1930,Edwin,Male,24021,82
1930,Lee,Male,23953,83
1930,Lloyd,Male,23797,84
1930,Bob,Male,23291,85
1930,Clifford,Male,23099,86
1930,Leon,Male,23005,87
1930,Leo,Male,22863,88
1930,Clyde,Male,22452,89
1930,Eddie,Male,22329,90
1930,Vernon,Male,22196,91
1930,Martin,Male,21928,92
1930,Alvin,Male,21485,93
1930,Jim,Male,20823,94
1930,Herman,Male,20319,95
1930,Lewis,Male,20018,96
1930,Harvey,Male,19904,97
1930,Tommy,Male,19857,98
1930,Vincent,Male,19405,99
1930,Charlie,Male,19154,100
1940,James,Male,795753,1
1940,Robert,Male,758091,2
1940,John,Male,711578,3
1940,William,Male,556446,4
1940,Richard,Male,477458,5
1940,David,Male,426349,6
1940,Charles,Male,361747,7
1940,Thomas,Male,350760,8
1940,Michael,Male,336559,9
1940,Ronald,Male,282458,10
1940,Larry,Male,255899,11
1940,Donald,Male,247820,12
1940,Joseph,Male,230273,13
1940,Gary,Male,217762,14
1940,George,Male,209000,15
1940,Kenneth,Male,198542,16
1940,Paul,Male,183342,17
1940,Edward,Male,174789,18
1940,Jerry,Male,167244,19
1940,Dennis,Male,162109,20
1940,Frank,Male,119417,21
1940,Daniel,Male,112771,22
1940,Raymond,Male,109067,23
1940,Roger,Male,107597,24
1940,Stephen,Male,106803,25
1940,Gerald,Male,103340,26
1940,Walter,Male,83727,27
1940,Harold,Male,82172,28
1940,Steven,Male,81205,29
1940,Douglas,Male,80758,30
1940,Lawrence,Male,80453,31
1940,Terry,Male,76967,32
1940,Wayne,Male,75125,33
1940,Arthur,Male,73966,34
1940,Jack,Male,73921,35
1940,Carl,Male,72733,36
1940,Henry,Male,72481,37
1940,Willie,Male,72415,38
1940,Bruce,Male,72094,39
1940,Joe,Male,72013,40
1940,Peter,Male,69329,41
1940,Billy,Male,67827,42
1940,Roy,Male,65642,43
1940,Ralph,Male,64974,44
1940,Anthony,Male,64825,45
1940,Jimmy,Male,63522,46
1940,Albert,Male,60275,47
1940,Bobby,Male,58889,48
1940,Eugene,Male,57269,49
1940,Johnny,Male,57196,50
1940,Fred,Male,56666,51
1940,Harry,Male,56244,52
1940,Howard,Male,53528,53
1940,Mark,Male,50729,54
1940,Alan,Male,50303,55
1940,Louis,Male,49425,56
1940,Philip,Male,48731,57
1940,Patrick,Male,48616,58
1940,Dale,Male,46809,59
1940,Danny,Male,46655,60
1940,Stanley,Male,46263,61
1940,Leonard,Male,44284,62
1940,Timothy,Male,43504,63
1940,Gregory,Male,43223,64
1940,Samuel,Male,43126,65
1940,Ronnie,Male,42455,66
1940,Norman,Male,42163,67
1940,Ernest,Male,41760,68
1940,Russell,Male,41331,69
1940,Francis,Male,39517,70
1940,Melvin,Male,39232,71
1940,Earl,Male,39124,72
1940,Frederick,Male,39111,73
1940,Allen,Male,39049,74
1940,Bill,Male,37756,75
1940,Tommy,Male,37043,76
1940,Phillip,Male,36988,77
1940,Marvin,Male,36442,78
1940,Steve,Male,36284,79
1940,Don,Male,36253,80
1940,Clarence,Male,36197,81
1940,Barry,Male,36190,82
1940,Glenn,Male,35714,83
1940,Jim,Male,35631,84
1940,Eddie,Male,34805,85
1940,Mike,Male,34643,86
1940,Andrew,Male,34618,87
1940,Jeffrey,Male,34339,88
1940,Leroy,Male,33859,89
1940,Alfred,Male,31994,90
1940,Martin,Male,31403,91
1940,Lee,Male,30977,92
1940,Tom,Male,29884,93
1940,Ray,Male,29653,94
1940,Herbert,Male,28705,95
1940,Gene,Male,27739,96
1940,Bernard,Male,26445,97
1940,Theodore,Male,26246,98
1940,Curtis,Male,26004,99
1940,Keith,Male,25870,100
1950,James,Male,843711,1
1950,Michael,Male,837390,2
1950,Robert,Male,830337,3
1950,John,Male,797866,4
1950,David,Male,769870,5
1950,William,Male,591194,6
1950,Richard,Male,535408,7
1950,Thomas,Male,454350,8
1950,Mark,Male,382531,9
1950,Charles,Male,361162,10
1950,Steven,Male,333624,11
1950,Gary,Male,329915,12
1950,Joseph,Male,299978,13
1950,Donald,Male,273553,14
1950,Ronald,Male,271129,15
1950,Kenneth,Male,262798,16
1950,Paul,Male,253176,17
1950,Larry,Male,245669,18
1950,Daniel,Male,243695,19
1950,Stephen,Male,207263,20
1950,Dennis,Male,204247,21
1950,Timothy,Male,198285,22
1950,Edward,Male,188317,23
1950,Jeffrey,Male,184644,24
1950,George,Male,181026,25
1950,Gregory,Male,178435,26
1950,Kevin,Male,158999,27
1950,Douglas,Male,148187,28
1950,Terry,Male,140720,29
1950,Anthony,Male,136634,30
1950,Jerry,Male,136565,31
1950,Bruce,Male,136446,32
1950,Randy,Male,120529,33
1950,Brian,Male,112326,34
1950,Frank,Male,112324,35
1950,Scott,Male,111806,36
1950,Roger,Male,110146,37
1950,Raymond,Male,108928,38
1950,Peter,Male,102744,39
1950,Patrick,Male,96846,40
1950,Keith,Male,91225,41
1950,Lawrence,Male,91106,42
1950,Wayne,Male,88094,43
1950,Danny,Male,86641,44
1950,Alan,Male,83973,45
1950,Gerald,Male,82619,46
1950,Ricky,Male,79160,47
1950,Carl,Male,78748,48
1950,Christopher,Male,78301,49
1950,Dale,Male,75562,50
1950,Walter,Male,72188,51
1950,Craig,Male,69478,52
1950,Willie,Male,66455,53
1950,Johnny,Male,65781,54
1950,Arthur,Male,65719,55
1950,Steve,Male,64226,56
1950,Joe,Male,62621,57
1950,Randall,Male,62450,58
1950,Russell,Male,62392,59
1950,Jack,Male,62381,60
1950,Henry,Male,62229,61
1950,Harold,Male,62174,62
1950,Roy,Male,61841,63
1950,Andrew,Male,60964,64
1950,Philip,Male,60845,65
1950,Ralph,Male,60434,66
1950,Billy,Male,59278,67
1950,Glenn,Male,58706,68
1950,Stanley,Male,57159,69
1950,Jimmy,Male,54888,70
1950,Rodney,Male,54813,71
1950,Barry,Male,54803,72
1950,Samuel,Male,53762,73
1950,Eric,Male,53296,74
1950,Bobby,Male,53280,75
1950,Albert,Male,52834,76
1950,Phillip,Male,52457,77
1950,Ronnie,Male,51299,78
1950,Martin,Male,50986,79
1950,Mike,Male,48351,80
1950,Eugene,Male,48280,81
1950,Louis,Male,47923,82
1950,Howard,Male,47851,83
1950,Allen,Male,47313,84
1950,Curtis,Male,46316,85
1950,Jeffery,Male,45872,86
1950,Frederick,Male,44276,87
1950,Leonard,Male,43561,88
1950,Harry,Male,43333,89
1950,Micheal,Male,40915,90
1950,Tony,Male,40776,91
1950,Ernest,Male,39677,92
1950,Eddie,Male,38595,93
1950,Fred,Male,37451,94
1950,Darrell,Male,37255,95
1950,Jay,Male,36967,96
1950,Melvin,Male,36165,97
1950,Lee,Male,35822,98
1950,Matthew,Male,35796,99
1950,Vincent,Male,35349,100
1960,Michael,Male,833102,1
1960,David,Male,733964,2
1960,John,Male,713407,3
1960,James,Male,684765,4
1960,Robert,Male,650776,5
1960,Mark,Male,441400,6
1960,William,Male,421421,7
1960,Richard,Male,373902,8
1960,Thomas,Male,327078,9
1960,Jeffrey,Male,302019,10
1960,Steven,Male,290601,11
1960,Joseph,Male,283062,12
1960,Timothy,Male,276823,13
1960,Kevin,Male,271408,14
1960,Scott,Male,266839,15
1960,Brian,Male,258131,16
1960,Charles,Male,249399,17
1960,Paul,Male,242515,18
1960,Daniel,Male,242028,19
1960,Christopher,Male,237171,20
1960,Kenneth,Male,227514,21
1960,Anthony,Male,203144,22
1960,Gregory,Male,187498,23
1960,Ronald,Male,182169,24
1960,Donald,Male,172624,25
1960,Gary,Male,166027,26
1960,Stephen,Male,152225,27
1960,Eric,Male,152215,28
1960,Edward,Male,143979,29
1960,Douglas,Male,134996,30
1960,Todd,Male,128743,31
1960,Patrick,Male,122719,32
1960,George,Male,113020,33
1960,Keith,Male,112584,34
1960,Larry,Male,108582,35
1960,Matthew,Male,105962,36
1960,Terry,Male,101469,37
1960,Andrew,Male,97121,38
1960,Dennis,Male,94984,39
1960,Randy,Male,93882,40
1960,Jerry,Male,93549,41
1960,Peter,Male,92418,42
1960,Frank,Male,87163,43
1960,Craig,Male,84710,44
1960,Raymond,Male,81790,45
1960,Jeffery,Male,79522,46
1960,Bruce,Male,74640,47
1960,Rodney,Male,72192,48
1960,Mike,Male,71461,49
1960,Roger,Male,71442,50
1960,Tony,Male,70574,51
1960,Ricky,Male,66391,52
1960,Steve,Male,65629,53
1960,Jeff,Male,62078,54
1960,Troy,Male,61411,55
1960,Alan,Male,61391,56
1960,Carl,Male,60785,57
1960,Danny,Male,60718,58
1960,Russell,Male,60448,59
1960,Chris,Male,56353,60
1960,Bryan,Male,55300,61
1960,Gerald,Male,55297,62
1960,Wayne,Male,54755,63
1960,Joe,Male,53387,64
1960,Randall,Male,52045,65
1960,Lawrence,Male,51346,66
1960,Dale,Male,50420,67
1960,Phillip,Male,50389,68
1960,Johnny,Male,49840,69
1960,Vincent,Male,49475,70
1960,Martin,Male,49108,71
1960,Bradley,Male,48728,72
1960,Billy,Male,48464,73
1960,Glenn,Male,48093,74
1960,Shawn,Male,47792,75
1960,Jonathan,Male,47396,76
1960,Jimmy,Male,47394,77
1960,Sean,Male,47293,78
1960,Curtis,Male,47244,79
1960,Barry,Male,47220,80
1960,Bobby,Male,46389,81
1960,Walter,Male,45931,82
1960,Jon,Male,44881,83
1960,Philip,Male,44780,84
1960,Samuel,Male,44254,85
1960,Jay,Male,42716,86
1960,Jason,Male,42546,87
1960,Dean,Male,42527,88
1960,Jose,Male,42033,89
1960,Tim,Male,41584,90
1960,Roy,Male,40035,91
1960,Willie,Male,39820,92
1960,Arthur,Male,39617,93
1960,Darryl,Male,39194,94
1960,Henry,Male,39132,95
1960,Darrell,Male,38022,96
1960,Allen,Male,37699,97
1960,Victor,Male,36830,98
1960,Harold,Male,36740,99
1960,Greg,Male,36448,100
1970,Michael,Male,707458,1
1970,Christopher,Male,475526,2
1970,Jason,Male,462821,3
1970,David,Male,445842,4
1970,James,Male,444823,5
1970,John,Male,402715,6
1970,Robert,Male,397295,7
1970,Brian,Male,322747,8
1970,William,Male,283456,9
1970,Matthew,Male,277828,10
1970,Joseph,Male,244882,11
1970,Daniel,Male,244510,12
1970,Kevin,Male,212294,13
1970,Eric,Male,211529,14
1970,Jeffrey,Male,202894,15
1970,Richard,Male,202832,16
1970,Scott,Male,194594,17
1970,Mark,Male,194333,18
1970,Steven,Male,188123,19
1970,Thomas,Male,186810,20
1970,Timothy,Male,181294,21
1970,Anthony,Male,174907,22
1970,Charles,Male,163071,23
1970,Joshua,Male,140357,24
1970,Ryan,Male,139682,25
1970,Jeremy,Male,139336,26
1970,Paul,Male,136433,27
1970,Andrew,Male,132980,28
1970,Gregory,Male,115592,29
1970,Chad,Male,113553,30
1970,Kenneth,Male,111508,31
1970,Jonathan,Male,107949,32
1970,Stephen,Male,107841,33
1970,Shawn,Male,105801,34
1970,Aaron,Male,101500,35
1970,Adam,Male,91782,36
1970,Patrick,Male,91276,37
1970,Justin,Male,86571,38
1970,Sean,Male,83880,39
1970,Edward,Male,83460,40
1970,Todd,Male,83347,41
1970,Donald,Male,82443,42
1970,Ronald,Male,81742,43
1970,Benjamin,Male,81356,44
1970,Keith,Male,76708,45
1970,Bryan,Male,71366,46
1970,Gary,Male,68271,47
1970,Jose,Male,66381,48
1970,Nathan,Male,65884,49
1970,Douglas,Male,65173,50
1970,Nicholas,Male,65089,51
1970,Brandon,Male,65065,52
1970,George,Male,64766,53
1970,Travis,Male,64125,54
1970,Peter,Male,62352,55
1970,Craig,Male,58811,56
1970,Bradley,Male,58702,57
1970,Larry,Male,58147,58
1970,Dennis,Male,50562,59
1970,Shane,Male,50289,60
1970,Raymond,Male,49356,61
1970,Troy,Male,48859,62
1970,Jerry,Male,48357,63
1970,Samuel,Male,48107,64
1970,Frank,Male,46926,65
1970,Jesse,Male,44903,66
1970,Jeffery,Male,44571,67
1970,Juan,Male,43400,68
1970,Terry,Male,42436,69
1970,Corey,Male,41003,70
1970,Phillip,Male,39850,71
1970,Marcus,Male,39481,72
1970,Derek,Male,38330,73
1970,Rodney,Male,37455,74
1970,Joel,Male,37237,75
1970,Carlos,Male,36956,76
1970,Randy,Male,36544,77
1970,Jacob,Male,36374,78
1970,Jamie,Male,36299,79
1970,Tony,Male,35691,80
1970,Russell,Male,35476,81
1970,Brent,Male,35389,82
1970,Antonio,Male,33280,83
1970,Billy,Male,33224,84
1970,Derrick,Male,32865,85
1970,Kyle,Male,32657,86
1970,Erik,Male,32099,87
1970,Johnny,Male,32028,88
1970,Marc,Male,31840,89
1970,Carl,Male,31376,90
1970,Philip,Male,31375,91
1970,Roger,Male,29719,92
1970,Bobby,Male,29079,93
1970,Brett,Male,28933,94
1970,Danny,Male,28866,95
1970,Curtis,Male,28817,96
1970,Jon,Male,28698,97
1970,Vincent,Male,27651,98
1970,Cory,Male,27515,99
1970,Jimmy,Male,27105,100
1980,Michael,Male,663827,1
1980,Christopher,Male,554909,2
1980,Matthew,Male,459019,3
1980,Joshua,Male,396581,4
1980,David,Male,383739,5
1980,James,Male,356518,6
1980,Daniel,Male,345574,7
1980,Robert,Male,321686,8
1980,John,Male,321185,9
1980,Joseph,Male,299451,10
1980,Jason,Male,292129,11
1980,Justin,Male,289832,12
1980,Andrew,Male,285102,13
1980,Ryan,Male,278996,14
1980,William,Male,248305,15
1980,Brian,Male,234017,16
1980,Brandon,Male,232231,17
1980,Jonathan,Male,229969,18
1980,Nicholas,Male,223327,19
1980,Anthony,Male,211868,20
1980,Eric,Male,204256,21
1980,Adam,Male,195096,22
1980,Kevin,Male,188684,23
1980,Thomas,Male,177836,24
1980,Steven,Male,177462,25
1980,Timothy,Male,172849,26
1980,Richard,Male,154759,27
1980,Jeremy,Male,153430,28
1980,Jeffrey,Male,144811,29
1980,Kyle,Male,141950,30
1980,Benjamin,Male,141410,31
1980,Aaron,Male,138373,32
1980,Charles,Male,131924,33
1980,Mark,Male,129458,34
1980,Jacob,Male,124260,35
1980,Stephen,Male,113630,36
1980,Patrick,Male,111428,37
1980,Scott,Male,108168,38
1980,Nathan,Male,106002,39
1980,Paul,Male,104403,40
1980,Sean,Male,103871,41
1980,Travis,Male,102949,42
1980,Zachary,Male,101836,43
1980,Dustin,Male,97322,44
1980,Gregory,Male,93665,45
1980,Kenneth,Male,89124,46
1980,Jose,Male,86633,47
1980,Tyler,Male,86460,48
1980,Jesse,Male,85926,49
1980,Alexander,Male,82028,50
1980,Bryan,Male,80503,51
1980,Samuel,Male,73457,52
1980,Derek,Male,72926,53
1980,Bradley,Male,69362,54
1980,Chad,Male,69062,55
1980,Shawn,Male,65604,56
1980,Edward,Male,60838,57
1980,Jared,Male,60307,58
1980,Cody,Male,60287,59
1980,Jordan,Male,57172,60
1980,Peter,Male,56730,61
1980,Corey,Male,53612,62
1980,Keith,Male,52645,63
1980,Marcus,Male,51812,64
1980,Juan,Male,51445,65
1980,Donald,Male,50848,66
1980,Ronald,Male,46669,67
1980,George,Male,45719,68
1980,Phillip,Male,45710,69
1980,Cory,Male,44366,70
1980,Joel,Male,43576,71
1980,Shane,Male,43177,72
1980,Douglas,Male,41751,73
1980,Antonio,Male,41620,74
1980,Carlos,Male,41503,75
1980,Raymond,Male,41503,76
1980,Brett,Male,41299,77
1980,Gary,Male,40233,78
1980,Alex,Male,38714,79
1980,Nathaniel,Male,38653,80
1980,Craig,Male,38106,81
1980,Ian,Male,37782,82
1980,Luis,Male,37446,83
1980,Derrick,Male,36350,84
1980,Erik,Male,36347,85
1980,Casey,Male,35975,86
1980,Philip,Male,35741,87
1980,Frank,Male,33612,88
1980,Evan,Male,32483,89
1980,Gabriel,Male,32329,90
1980,Victor,Male,32283,91
1980,Vincent,Male,32064,92
1980,Austin,Male,31308,93
1980,Brent,Male,31286,94
1980,Larry,Male,31282,95
1980,Seth,Male,31132,96
1980,Wesley,Male,31092,97
1980,Dennis,Male,30467,98
1980,Todd,Male,30337,99
1980,Christian,Male,30288,100
1990,Michael,Male,462390,1
1990,Christopher,Male,360255,2
1990,Matthew,Male,351649,3
1990,Joshua,Male,329157,4
1990,Jacob,Male,298400,5
1990,Nicholas,Male,275309,6
1990,Andrew,Male,272909,7
1990,Daniel,Male,272315,8
1990,Tyler,Male,262296,9
1990,Joseph,Male,260709,10
1990,Brandon,Male,259407,11
1990,David,Male,253678,12
1990,James,Male,244947,13
1990,Ryan,Male,241222,14
1990,John,Male,240118,15
1990,Zachary,Male,225275,16
1990,Justin,Male,220119,17
1990,William,Male,217810,18
1990,Anthony,Male,216205,19
1990,Robert,Male,205436,20
1990,Jonathan,Male,197483,21
1990,Austin,Male,190130,22
1990,Alexander,Male,183931,23
1990,Kyle,Male,180203,24
1990,Kevin,Male,165210,25
1990,Thomas,Male,146617,26
1990,Cody,Male,146478,27
1990,Jordan,Male,144746,28
1990,Eric,Male,135231,29
1990,Benjamin,Male,133922,30
1990,Aaron,Male,128359,31
1990,Christian,Male,126045,32
1990,Samuel,Male,125575,33
1990,Dylan,Male,122067,34
1990,Steven,Male,121092,35
1990,Brian,Male,119287,36
1990,Jose,Male,119022,37
1990,Timothy,Male,107757,38
1990,Nathan,Male,107308,39
1990,Adam,Male,106894,40
1990,Richard,Male,94865,41
1990,Patrick,Male,92925,42
1990,Charles,Male,92422,43
1990,Sean,Male,91994,44
1990,Jason,Male,91716,45
1990,Cameron,Male,81128,46
1990,Jeremy,Male,77791,47
1990,Mark,Male,75804,48
1990,Stephen,Male,75162,49
1990,Jesse,Male,73789,50
1990,Juan,Male,70908,51
1990,Alex,Male,70821,52
1990,Travis,Male,68204,53
1990,Jeffrey,Male,66985,54
1990,Ethan,Male,66920,55
1990,Caleb,Male,66286,56
1990,Luis,Male,64742,57
1990,Jared,Male,63785,58
1990,Logan,Male,63569,59
1990,Hunter,Male,60520,60
1990,Trevor,Male,59940,61
1990,Bryan,Male,59745,62
1990,Evan,Male,59396,63
1990,Paul,Male,58924,64
1990,Taylor,Male,58400,65
1990,Kenneth,Male,58252,66
1990,Connor,Male,57387,67
1990,Dustin,Male,56767,68
1990,Noah,Male,56256,69
1990,Carlos,Male,55168,70
1990,Devin,Male,55068,71
1990,Gabriel,Male,54809,72
1990,Ian,Male,53998,73
1990,Nathaniel,Male,52575,74
1990,Gregory,Male,52085,75
1990,Derek,Male,50749,76
1990,Corey,Male,50219,77
1990,Jesus,Male,49123,78
1990,Scott,Male,49018,79
1990,Bradley,Male,48080,80
1990,Dakota,Male,46651,81
1990,Antonio,Male,46541,82
1990,Marcus,Male,46483,83
1990,Blake,Male,45867,84
1990,Garrett,Male,45325,85
1990,Edward,Male,45165,86
1990,Luke,Male,44432,87
1990,Shawn,Male,42481,88
1990,Peter,Male,42382,89
1990,Seth,Male,42209,90
1990,Mitchell,Male,42013,91
1990,Adrian,Male,41976,92
1990,Victor,Male,41066,93
1990,Miguel,Male,41008,94
1990,Shane,Male,40597,95
1990,Chase,Male,40305,96
1990,Isaac,Male,40265,97
1990,Spencer,Male,38178,98
1990,Lucas,Male,38171,99
1990,Jack,Male,37487,100
2000,Jacob,Male,273992,1
2000,Michael,Male,250662,2
2000,Joshua,Male,232004,3
2000,Matthew,Male,221591,4
2000,Daniel,Male,203881,5
2000,Christopher,Male,203351,6
2000,Andrew,Male,202541,7
2000,Ethan,Male,201809,8
2000,Joseph,Male,194863,9
2000,William,Male,194368,10
2000,Anthony,Male,191898,11
2000,David,Male,180004,12
2000,Alexander,Male,178817,13
2000,Nicholas,Male,177598,14
2000,Ryan,Male,173224,15
2000,Tyler,Male,165570,16
2000,James,Male,163155,17
2000,John,Male,161023,18
2000,Jonathan,Male,144816,19
2000,Noah,Male,143489,20
2000,Brandon,Male,142981,21
2000,Christian,Male,142401,22
2000,Dylan,Male,140110,23
2000,Samuel,Male,138558,24
2000,Benjamin,Male,137276,25
2000,Nathan,Male,134831,26
2000,Zachary,Male,134748,27
2000,Logan,Male,134020,28
2000,Justin,Male,122975,29
2000,Gabriel,Male,119814,30
2000,Jose,Male,115725,31
2000,Austin,Male,112758,32
2000,Kevin,Male,111066,33
2000,Elijah,Male,110385,34
2000,Caleb,Male,110068,35
2000,Robert,Male,106643,36
2000,Thomas,Male,102084,37
2000,Jordan,Male,101168,38
2000,Cameron,Male,95883,39
2000,Jack,Male,95503,40
2000,Hunter,Male,94843,41
2000,Jackson,Male,94482,42
2000,Angel,Male,94320,43
2000,Isaiah,Male,92763,44
2000,Evan,Male,92138,45
2000,Isaac,Male,90726,46
2000,Luke,Male,90490,47
2000,Mason,Male,90486,48
2000,Jayden,Male,88580,49
2000,Jason,Male,88547,50
2000,Gavin,Male,88436,51
2000,Aaron,Male,86965,52
2000,Connor,Male,85978,53
2000,Aiden,Male,83533,54
2000,Aidan,Male,76502,55
2000,Kyle,Male,76149,56
2000,Juan,Male,75839,57
2000,Charles,Male,75325,58
2000,Luis,Male,74319,59
2000,Adam,Male,71010,60
2000,Lucas,Male,70983,61
2000,Brian,Male,69761,62
2000,Eric,Male,69475,63
2000,Adrian,Male,66112,64
2000,Nathaniel,Male,64257,65
2000,Sean,Male,64124,66
2000,Alex,Male,63771,67
2000,Carlos,Male,63180,68
2000,Bryan,Male,61926,69
2000,Ian,Male,61922,70
2000,Owen,Male,61869,71
2000,Jesus,Male,61310,72
2000,Landon,Male,61120,73
2000,Julian,Male,60378,74
2000,Chase,Male,57161,75
2000,Cole,Male,56840,76
2000,Diego,Male,56034,77
2000,Jeremiah,Male,55660,78
2000,Steven,Male,53896,79
2000,Sebastian,Male,53856,80
2000,Xavier,Male,52467,81
2000,Timothy,Male,52454,82
2000,Carter,Male,52316,83
2000,Wyatt,Male,51341,84
2000,Brayden,Male,50373,85
2000,Blake,Male,50104,86
2000,Hayden,Male,50042,87
2000,Devin,Male,49423,88
2000,Cody,Male,48875,89
2000,Richard,Male,48575,90
2000,Seth,Male,48155,91
2000,Dominic,Male,48107,92
2000,Jaden,Male,46268,93
2000,Antonio,Male,46239,94
2000,Miguel,Male,46090,95
2000,Liam,Male,44935,96
2000,Patrick,Male,44777,97
2000,Carson,Male,44630,98
2000,Jesse,Male,43383,99
2000,Tristan,Male,43294,100
2010,Noah,Male,183172,1
2010,Liam,Male,173888,2
2010,Jacob,Male,163114,3
2010,William,Male,159833,4
2010,Mason,Male,157787,5
2010,Ethan,Male,149000,6
2010,Michael,Male,145020,7
2010,Alexander,Male,142043,8
2010,James,Male,139564,9
2010,Elijah,Male,136937,10
2010,Benjamin,Male,134405,11
2010,Daniel,Male,133807,12
2010,Aiden,Male,129546,13
2010,Logan,Male,126751,14
2010,Jayden,Male,125963,15
2010,Matthew,Male,124993,16
2010,Lucas,Male,118591,17
2010,David,Male,116585,18
2010,Jackson,Male,116163,19
2010,Joseph,Male,115573,20
2010,Anthony,Male,112025,21
2010,Samuel,Male,108026,22
2010,Joshua,Male,106144,23
2010,Gabriel,Male,105493,24
2010,Andrew,Male,104972,25
2010,John,Male,102677,26
2010,Christopher,Male,102040,27
2010,Oliver,Male,98098,28
2010,Dylan,Male,96306,29
2010,Carter,Male,95188,30
2010,Isaac,Male,94466,31
2010,Luke,Male,93220,32
2010,Henry,Male,92537,33
2010,Owen,Male,91066,34
2010,Ryan,Male,90941,35
2010,Nathan,Male,87979,36
2010,Wyatt,Male,87683,37
2010,Caleb,Male,86661,38
2010,Sebastian,Male,86628,39
2010,Jack,Male,85656,40
2010,Christian,Male,84097,41
2010,Jonathan,Male,79797,42
2010,Julian,Male,79475,43
2010,Landon,Male,79273,44
2010,Levi,Male,77890,45
2010,Isaiah,Male,76186,46
2010,Hunter,Male,74811,47
2010,Aaron,Male,70421,48
2010,Thomas,Male,69960,49
2010,Charles,Male,69958,50
2010,Eli,Male,69811,51
2010,Jaxon,Male,69103,52
2010,Connor,Male,68243,53
2010,Nicholas,Male,66748,54
2010,Jeremiah,Male,66684,55
2010,Grayson,Male,66356,56
2010,Cameron,Male,66156,57
2010,Brayden,Male,65957,58
2010,Adrian,Male,65936,59
2010,Evan,Male,64728,60
2010,Jordan,Male,64425,61
2010,Josiah,Male,63023,62
2010,Angel,Male,62906,63
2010,Robert,Male,62594,64
2010,Gavin,Male,62305,65
2010,Tyler,Male,59307,66
2010,Austin,Male,59074,67
2010,Colton,Male,58416,68
2010,Jose,Male,55154,69
2010,Dominic,Male,55131,70
2010,Brandon,Male,54084,71
2010,Ian,Male,52444,72
2010,Lincoln,Male,51982,73
2010,Hudson,Male,51443,74
2010,Kevin,Male,51286,75
2010,Zachary,Male,51110,76
2010,Adam,Male,50646,77
2010,Mateo,Male,50575,78
2010,Jason,Male,50550,79
2010,Chase,Male,50293,80
2010,Nolan,Male,50024,81
2010,Ayden,Male,49593,82
2010,Cooper,Male,49252,83
2010,Parker,Male,49211,84
2010,Xavier,Male,48656,85
2010,Asher,Male,48484,86
2010,Carson,Male,47992,87
2010,Jace,Male,47432,88
2010,Easton,Male,46771,89
2010,Justin,Male,45547,90
2010,Leo,Male,44673,91
2010,Bentley,Male,43877,92
2010,Jaxson,Male,42341,93
2010,Nathaniel,Male,41845,94
2010,Blake,Male,41693,95
2010,Elias,Male,40894,96
2010,Theodore,Male,40508,97
2010,Kayden,Male,40296,98
2010,Luis,Male,39052,99
2010,Tristan,Male,38645,100
1920,Mary,Female,701755,1
1920,Dorothy,Female,368874,2
1920,Helen,Female,290403,3
1920,Betty,Female,283095,4
1920,Margaret,Female,245010,5
1920,Ruth,Female,218520,6
1920,Virginia,Female,169553,7
1920,Doris,Female,151191,8
1920,Mildred,Female,147156,9
1920,Frances,Female,140391,10
1920,Elizabeth,Female,139673,11
1920,Evelyn,Female,124166,12
1920,Anna,Female,123895,13
1920,Marie,Female,110563,14
1920,Alice,Female,110526,15
1920,Jean,Female,105998,16
1920,Shirley,Female,98601,17
1920,Barbara,Female,97210,18
1920,Irene,Female,92836,19
1920,Marjorie,Female,91221,20
1920,Florence,Female,88295,21
1920,Lois,Female,88132,22
1920,Martha,Female,86787,23
1920,Rose,Female,85306,24
1920,Lillian,Female,83157,25
1920,Louise,Female,82894,26
1920,Catherine,Female,78882,27
1920,Ruby,Female,76735,28
1920,Eleanor,Female,74760,29
1920,Patricia,Female,74731,30
1920,Gladys,Female,72562,31
1920,Annie,Female,69467,32
1920,Josephine,Female,69222,33
1920,Thelma,Female,68767,34
1920,Edna,Female,68629,35
1920,Norma,Female,65242,36
1920,Pauline,Female,64074,37
1920,Lucille,Female,63882,38
1920,Edith,Female,62989,39
1920,Gloria,Female,62858,40
1920,Ethel,Female,62805,41
1920,Phyllis,Female,61870,42
1920,Grace,Female,60060,43
1920,Hazel,Female,58984,44
1920,June,Female,56483,45
1920,Bernice,Female,55841,46
1920,Marion,Female,55178,47
1920,Dolores,Female,51989,48
1920,Rita,Female,50588,49
1920,Lorraine,Female,49939,50
1920,Ann,Female,49809,51
1920,Esther,Female,49230,52
1920,Beatrice,Female,49229,53
1920,Juanita,Female,48547,54
1920,Clara,Female,48183,55
1920,Jane,Female,48049,56
1920,Geraldine,Female,48044,57
1920,Sarah,Female,46768,58
1920,Emma,Female,46538,59
1920,Joan,Female,45351,60
1920,Joyce,Female,44174,61
1920,Nancy,Female,43807,62
1920,Katherine,Female,42744,63
1920,Gertrude,Female,42459,64
1920,Elsie,Female,42099,65
1920,Julia,Female,40331,66
1920,Agnes,Female,39222,67
1920,Wilma,Female,39126,68
1920,Marian,Female,38978,69
1920,Bertha,Female,38571,70
1920,Eva,Female,38048,71
1920,Willie,Female,37814,72
1920,Audrey,Female,37550,73
1920,Theresa,Female,36667,74
1920,Vivian,Female,36572,75
1920,Wanda,Female,36007,76
1920,Laura,Female,35991,77
1920,Charlotte,Female,35752,78
1920,Ida,Female,35619,79
1920,Elaine,Female,34907,80
1920,Anne,Female,34512,81
1920,Marilyn,Female,34202,82
1920,Kathryn,Female,33791,83
1920,Maxine,Female,33744,84
1920,Kathleen,Female,33597,85
1920,Viola,Female,33251,86
1920,Pearl,Female,32774,87
1920,Vera,Female,32542,88
1920,Bessie,Female,32158,89
1920,Myrtle,Female,30569,90
1920,Alma,Female,30435,91
1920,Beverly,Female,30205,92
1920,Violet,Female,30022,93
1920,Nellie,Female,29689,94
1920,Ella,Female,29520,95
1920,Lillie,Female,29382,96
1920,Jessie,Female,29289,97
1920,Jeanne,Female,29119,98
1920,Eileen,Female,28588,99
1920,Ellen,Female,28391,100
1930,Mary,Female,572987,1
1930,Betty,Female,300406,2
1930,Barbara,Female,296412,3
1930,Shirley,Female,229375,4
1930,Patricia,Female,220580,5
1930,Dorothy,Female,210415,6
1930,Joan,Female,173436,7
1930,Margaret,Female,157370,8
1930,Nancy,Female,142483,9
1930,Helen,Female,140425,10
1930,Carol,Female,117728,11
1930,Joyce,Female,115505,12
1930,Doris,Female,110655,13
1930,Ruth,Female,109204,14
1930,Virginia,Female,103087,15
1930,Marilyn,Female,98532,16
1930,Elizabeth,Female,96478,17
1930,Jean,Female,94184,18
1930,Frances,Female,92116,19
1930,Beverly,Female,80840,20
1930,Lois,Female,80711,21
1930,Alice,Female,78969,22
1930,Donna,Female,78844,23
1930,Martha,Female,77698,24
1930,Dolores,Female,77135,25
1930,Janet,Female,76033,26
1930,Phyllis,Female,73805,27
1930,Norma,Female,72876,28
1930,Carolyn,Female,69525,29
1930,Evelyn,Female,69362,30
1930,Gloria,Female,68585,31
1930,Anna,Female,66597,32
1930,Marie,Female,65801,33
1930,Ann,Female,64061,34
1930,Mildred,Female,61733,35
1930,Rose,Female,59108,36
1930,Peggy,Female,56271,37
1930,Geraldine,Female,50039,38
1930,Catherine,Female,50028,39
1930,Judith,Female,49904,40
1930,Louise,Female,49860,41
1930,Janice,Female,49343,42
1930,Marjorie,Female,49213,43
1930,Annie,Female,48947,44
1930,Ruby,Female,47648,45
1930,Eleanor,Female,46379,46
1930,Jane,Female,45814,47
1930,Sandra,Female,45399,48
1930,Irene,Female,44449,49
1930,Wanda,Female,43074,50
1930,Elaine,Female,41108,51
1930,June,Female,40743,52
1930,Joanne,Female,40579,53
1930,Rita,Female,38740,54
1930,Florence,Female,37940,55
1930,Delores,Female,37603,56
1930,Lillian,Female,37393,57
1930,Marlene,Female,37355,58
1930,Edna,Female,36972,59
1930,Sarah,Female,36513,60
1930,Patsy,Female,36474,61
1930,Lorraine,Female,36332,62
1930,Thelma,Female,36254,63
1930,Josephine,Female,36051,64
1930,Juanita,Female,35916,65
1930,Bonnie,Female,35801,66
1930,Arlene,Female,34796,67
1930,Gladys,Female,34762,68
1930,Joann,Female,34696,69
1930,Sally,Female,34679,70
1930,Charlotte,Female,34646,71
1930,Kathleen,Female,34551,72
1930,Audrey,Female,34007,73
1930,Pauline,Female,33689,74
1930,Wilma,Female,33188,75
1930,Sylvia,Female,33009,76
1930,Theresa,Female,32786,77
1930,Jacqueline,Female,32112,78
1930,Clara,Female,31657,79
1930,Ethel,Female,31582,80
1930,Loretta,Female,31536,81
1930,Grace,Female,31358,82
1930,Sharon,Female,31083,83
1930,Edith,Female,31047,84
1930,Lucille,Female,30842,85
1930,Emma,Female,30020,86
1930,Bernice,Female,29906,87
1930,Marion,Female,29564,88
1930,Linda,Female,29358,89
1930,Jo,Female,28653,90
1930,Anne,Female,28621,91
1930,Hazel,Female,28564,92
1930,Roberta,Female,27731,93
1930,Carole,Female,26767,94
1930,Darlene,Female,25956,95
1930,Esther,Female,25791,96
1930,Katherine,Female,25193,97
1930,Ellen,Female,25139,98
1930,Laura,Female,25093,99
1930,Julia,Female,24937,100
1940,Mary,Female,640066,1
1940,Linda,Female,531653,2
1940,Barbara,Female,425261,3
1940,Patricia,Female,411412,4
1940,Carol,Female,292328,5
1940,Sandra,Female,265536,6
1940,Nancy,Female,252054,7
1940,Sharon,Female,221230,8
1940,Judith,Female,218033,9
1940,Susan,Female,212013,10
1940,Betty,Female,194622,11
1940,Carolyn,Female,181852,12
1940,Margaret,Female,173023,13
1940,Shirley,Female,171777,14
1940,Judy,Female,167716,15
1940,Karen,Female,167700,16
1940,Donna,Female,165523,17
1940,Kathleen,Female,152980,18
1940,Joyce,Female,151493,19
1940,Dorothy,Female,132255,20
1940,Janet,Female,130755,21
1940,Diane,Female,122877,22
1940,Janice,Female,118892,23
1940,Joan,Female,117706,24
1940,Elizabeth,Female,116543,25
1940,Brenda,Female,112410,26
1940,Gloria,Female,105049,27
1940,Virginia,Female,98998,28
1940,Marilyn,Female,98975,29
1940,Martha,Female,95383,30
1940,Beverly,Female,95121,31
1940,Helen,Female,90740,32
1940,Bonnie,Female,86886,33
1940,Ruth,Female,85662,34
1940,Frances,Female,85443,35
1940,Jean,Female,80367,36
1940,Ann,Female,76794,37
1940,Phyllis,Female,76138,38
1940,Pamela,Female,73120,39
1940,Jane,Female,72536,40
1940,Alice,Female,72391,41
1940,Peggy,Female,72121,42
1940,Cheryl,Female,70959,43
1940,Doris,Female,64140,44
1940,Catherine,Female,62082,45
1940,Elaine,Female,60103,46
1940,Cynthia,Female,58060,47
1940,Marie,Female,57519,48
1940,Lois,Female,56854,49
1940,Connie,Female,56601,50
1940,Christine,Female,54562,51
1940,Diana,Female,53697,52
1940,Gail,Female,53140,53
1940,Joanne,Female,51653,54
1940,Rose,Female,51640,55
1940,Wanda,Female,50775,56
1940,Carole,Female,50304,57
1940,Rita,Female,49852,58
1940,Charlotte,Female,49478,59
1940,Jo,Female,48447,60
1940,Evelyn,Female,48158,61
1940,Geraldine,Female,47933,62
1940,Jacqueline,Female,45557,63
1940,Ellen,Female,45406,64
1940,Sally,Female,45343,65
1940,Rebecca,Female,45311,66
1940,Kathryn,Female,44581,67
1940,Deborah,Female,44055,68
1940,Norma,Female,43030,69
1940,Suzanne,Female,41404,70
1940,Anna,Female,41280,71
1940,Sue,Female,40943,72
1940,Darlene,Female,40321,73
1940,Patsy,Female,40278,74
1940,Joann,Female,40016,75
1940,Sarah,Female,39975,76
1940,Katherine,Female,39911,77
1940,Paula,Female,39046,78
1940,Annie,Female,38714,79
1940,Louise,Female,38663,80
1940,Roberta,Female,38049,81
1940,Sylvia,Female,37285,82
1940,Anne,Female,36145,83
1940,Theresa,Female,35789,84
1940,Sheila,Female,35741,85
1940,Maria,Female,35569,86
1940,Laura,Female,35070,87
1940,Kathy,Female,34765,88
1940,Eileen,Female,34694,89
1940,Marcia,Female,34394,90
1940,Rosemary,Female,34296,91
1940,Glenda,Female,33348,92
1940,Dolores,Female,33099,93
1940,Mildred,Female,33069,94
1940,Lorraine,Female,33046,95
1940,Marjorie,Female,32901,96
1940,Sherry,Female,32757,97
1940,Kay,Female,32653,98
1940,Anita,Female,32528,99
1940,Dianne,Female,32295,100
1950,Mary,Female,625601,1
1950,Linda,Female,564348,2
1950,Patricia,Female,459668,3
1950,Susan,Female,437762,4
1950,Deborah,Female,430530,5
1950,Barbara,Female,345718,6
1950,Debra,Female,341338,7
1950,Karen,Female,332517,8
1950,Nancy,Female,286804,9
1950,Donna,Female,270333,10
1950,Cynthia,Female,263421,11
1950,Sandra,Female,251589,12
1950,Pamela,Female,237393,13
1950,Sharon,Female,232802,14
1950,Kathleen,Female,224335,15
1950,Carol,Female,222650,16
1950,Diane,Female,210623,17
1950,Brenda,Female,209234,18
1950,Cheryl,Female,171388,19
1950,Janet,Female,167514,20
1950,Elizabeth,Female,165658,21
1950,Kathy,Female,157927,22
1950,Margaret,Female,149581,23
1950,Janice,Female,133616,24
1950,Carolyn,Female,124069,25
1950,Denise,Female,123778,26
1950,Judy,Female,118057,27
1950,Rebecca,Female,115688,28
1950,Joyce,Female,114978,29
1950,Teresa,Female,114278,30
1950,Christine,Female,113340,31
1950,Catherine,Female,108837,32
1950,Shirley,Female,108809,33
1950,Judith,Female,108755,34
1950,Betty,Female,103203,35
1950,Beverly,Female,97784,36
1950,Lisa,Female,95817,37
1950,Laura,Female,95523,38
1950,Theresa,Female,89601,39
1950,Connie,Female,88804,40
1950,Ann,Female,87044,41
1950,Gloria,Female,86707,42
1950,Julie,Female,86691,43
1950,Gail,Female,85616,44
1950,Joan,Female,85176,45
1950,Paula,Female,84869,46
1950,Peggy,Female,84291,47
1950,Cindy,Female,83975,48
1950,Martha,Female,83185,49
1950,Bonnie,Female,83011,50
1950,Jane,Female,82920,51
1950,Cathy,Female,82717,52
1950,Robin,Female,82425,53
1950,Debbie,Female,82098,54
1950,Diana,Female,80233,55
1950,Marilyn,Female,80159,56
1950,Kathryn,Female,77802,57
1950,Dorothy,Female,74473,58
1950,Wanda,Female,72448,59
1950,Jean,Female,72263,60
1950,Vicki,Female,71978,61
1950,Sheila,Female,70172,62
1950,Virginia,Female,69784,63
1950,Sherry,Female,68323,64
1950,Katherine,Female,66852,65
1950,Rose,Female,66690,66
1950,Lynn,Female,66047,67
1950,Jo,Female,63943,68
1950,Ruth,Female,62534,69
1950,Maria,Female,62450,70
1950,Darlene,Female,61884,71
1950,Jacqueline,Female,60462,72
1950,Rita,Female,60267,73
1950,Rhonda,Female,59816,74
1950,Phyllis,Female,57770,75
1950,Helen,Female,57572,76
1950,Vickie,Female,56857,77
1950,Kim,Female,56078,78
1950,Lori,Female,56069,79
1950,Ellen,Female,55387,80
1950,Elaine,Female,54233,81
1950,Joanne,Female,53569,82
1950,Anne,Female,52400,83
1950,Valerie,Female,52233,84
1950,Alice,Female,52074,85
1950,Frances,Female,51197,86
1950,Suzanne,Female,50328,87
1950,Marie,Female,49264,88
1950,Victoria,Female,49125,89
1950,Kimberly,Female,48953,90
1950,Anita,Female,47590,91
1950,Laurie,Female,46962,92
1950,Michelle,Female,46781,93
1950,Sally,Female,46704,94
1950,Terri,Female,46430,95
1950,Marcia,Female,43734,96
1950,Terry,Female,43192,97
1950,Jennifer,Female,43071,98
1950,Leslie,Female,43046,99
1950,Doris,Female,42897,100
1960,Lisa,Female,496975,1
1960,Mary,Female,355235,2
1960,Susan,Female,287654,3
1960,Karen,Female,286051,4
1960,Kimberly,Female,259077,5
1960,Patricia,Female,231158,6
1960,Linda,Female,225432,7
1960,Donna,Female,213465,8
1960,Michelle,Female,208294,9
1960,Cynthia,Female,196600,10
1960,Sandra,Female,183844,11
1960,Deborah,Female,183429,12
1960,Tammy,Female,182218,13
1960,Pamela,Female,181935,14
1960,Lori,Female,176557,15
1960,Laura,Female,174182,16
1960,Elizabeth,Female,168907,17
1960,Julie,Female,166143,18
1960,Brenda,Female,164495,19
1960,Jennifer,Female,164407,20
1960,Barbara,Female,159762,21
1960,Angela,Female,159280,22
1960,Sharon,Female,154894,23
1960,Debra,Female,153768,24
1960,Teresa,Female,151785,25
1960,Nancy,Female,142723,26
1960,Christine,Female,139331,27
1960,Cheryl,Female,135643,28
1960,Denise,Female,128819,29
1960,Kelly,Female,128054,30
1960,Tina,Female,126395,31
1960,Kathleen,Female,120947,32
1960,Melissa,Female,119203,33
1960,Robin,Female,118322,34
1960,Amy,Female,116783,35
1960,Diane,Female,114445,36
1960,Dawn,Female,114293,37
1960,Carol,Female,112335,38
1960,Tracy,Female,103776,39
1960,Kathy,Female,101125,40
1960,Rebecca,Female,99463,41
1960,Theresa,Female,97117,42
1960,Kim,Female,94387,43
1960,Rhonda,Female,93605,44
1960,Stephanie,Female,92817,45
1960,Cindy,Female,91592,46
1960,Janet,Female,89313,47
1960,Wendy,Female,88963,48
1960,Maria,Female,88817,49
1960,Michele,Female,86990,50
1960,Jacqueline,Female,84388,51
1960,Debbie,Female,84208,52
1960,Margaret,Female,81864,53
1960,Paula,Female,80510,54
1960,Sherry,Female,77523,55
1960,Catherine,Female,76784,56
1960,Carolyn,Female,75262,57
1960,Laurie,Female,74446,58
1960,Sheila,Female,74073,59
1960,Ann,Female,72081,60
1960,Jill,Female,69145,61
1960,Connie,Female,65287,62
1960,Diana,Female,65037,63
1960,Terri,Female,63739,64
1960,Suzanne,Female,59759,65
1960,Andrea,Female,58405,66
1960,Beth,Female,58383,67
1960,Janice,Female,57965,68
1960,Valerie,Female,56585,69
1960,Renee,Female,55814,70
1960,Leslie,Female,54455,71
1960,Christina,Female,52786,72
1960,Gina,Female,52368,73
1960,Lynn,Female,51929,74
1960,Annette,Female,51915,75
1960,Cathy,Female,51626,76
1960,Katherine,Female,50619,77
1960,Judy,Female,50324,78
1960,Carla,Female,47902,79
1960,Wanda,Female,47769,80
1960,Anne,Female,47764,81
1960,Dana,Female,47699,82
1960,Joyce,Female,46123,83
1960,Regina,Female,45825,84
1960,Beverly,Female,45240,85
1960,Monica,Female,45189,86
1960,Bonnie,Female,45086,87
1960,Kathryn,Female,44863,88
1960,Anita,Female,44408,89
1960,Sarah,Female,43917,90
1960,Darlene,Female,43529,91
1960,Jane,Female,43334,92
1960,Sherri,Female,41630,93
1960,Martha,Female,41037,94
1960,Anna,Female,40922,95
1960,Colleen,Female,40670,96
1960,Vicki,Female,40509,97
1960,Tracey,Female,40285,98
1960,Judith,Female,39778,99
1960,Tamara,Female,39007,100
1970,Jennifer,Female,581753,1
1970,Amy,Female,268996,2
1970,Melissa,Female,253274,3
1970,Michelle,Female,249138,4
1970,Kimberly,Female,229106,5
1970,Lisa,Female,228690,6
1970,Angela,Female,225264,7
1970,Heather,Female,203912,8
1970,Stephanie,Female,160464,9
1970,Nicole,Female,144670,10
1970,Jessica,Female,143500,11
1970,Elizabeth,Female,142857,12
1970,Rebecca,Female,137295,13
1970,Kelly,Female,133559,14
1970,Mary,Female,126260,15
1970,Christina,Female,125746,16
1970,Amanda,Female,123932,17
1970,Julie,Female,121932,18
1970,Sarah,Female,118836,19
1970,Laura,Female,118211,20
1970,Shannon,Female,113804,21
1970,Christine,Female,103236,22
1970,Tammy,Female,98830,23
1970,Tracy,Female,95534,24
1970,Karen,Female,95177,25
1970,Dawn,Female,92450,26
1970,Susan,Female,88317,27
1970,Andrea,Female,86429,28
1970,Tina,Female,84767,29
1970,Patricia,Female,81106,30
1970,Cynthia,Female,80202,31
1970,Lori,Female,77779,32
1970,Rachel,Female,77754,33
1970,April,Female,76946,34
1970,Maria,Female,76327,35
1970,Wendy,Female,74187,36
1970,Crystal,Female,73765,37
1970,Stacy,Female,69901,38
1970,Erin,Female,67894,39
1970,Jamie,Female,67845,40
1970,Carrie,Female,66827,41
1970,Tiffany,Female,65158,42
1970,Tara,Female,65074,43
1970,Sandra,Female,64335,44
1970,Monica,Female,61679,45
1970,Danielle,Female,60920,46
1970,Stacey,Female,59212,47
1970,Pamela,Female,58040,48
1970,Tonya,Female,57791,49
1970,Sara,Female,56962,50
1970,Michele,Female,56558,51
1970,Teresa,Female,56035,52
1970,Denise,Female,55871,53
1970,Jill,Female,55071,54
1970,Katherine,Female,54059,55
1970,Melanie,Female,53321,56
1970,Dana,Female,51357,57
1970,Holly,Female,50466,58
1970,Erica,Female,49598,59
1970,Brenda,Female,48593,60
1970,Deborah,Female,47858,61
1970,Tanya,Female,47826,62
1970,Sharon,Female,47774,63
1970,Donna,Female,47347,64
1970,Amber,Female,47070,65
1970,Emily,Female,46849,66
1970,Robin,Female,45944,67
1970,Linda,Female,45902,68
1970,Kathleen,Female,44846,69
1970,Leslie,Female,44837,70
1970,Christy,Female,44591,71
1970,Kristen,Female,44212,72
1970,Catherine,Female,43865,73
1970,Kristin,Female,42384,74
1970,Misty,Female,42376,75
1970,Barbara,Female,42237,76
1970,Heidi,Female,42227,77
1970,Nancy,Female,41848,78
1970,Cheryl,Female,40394,79
1970,Theresa,Female,40078,80
1970,Brandy,Female,40071,81
1970,Alicia,Female,39254,82
1970,Veronica,Female,38791,83
1970,Gina,Female,38120,84
1970,Jacqueline,Female,37964,85
1970,Rhonda,Female,37947,86
1970,Anna,Female,37804,87
1970,Renee,Female,37595,88
1970,Megan,Female,37365,89
1970,Tamara,Female,37077,90
1970,Melinda,Female,36437,91
1970,Kathryn,Female,36435,92
1970,Debra,Female,34605,93
1970,Sherry,Female,34206,94
1970,Allison,Female,34168,95
1970,Valerie,Female,33812,96
1970,Diana,Female,33346,97
1970,Paula,Female,32727,98
1970,Kristina,Female,32649,99
1970,Ann,Female,32029,100
1980,Jessica,Female,469518,1
1980,Jennifer,Female,440896,2
1980,Amanda,Female,369738,3
1980,Ashley,Female,352189,4
1980,Sarah,Female,272635,5
1980,Stephanie,Female,218171,6
1980,Melissa,Female,217932,7
1980,Nicole,Female,210501,8
1980,Elizabeth,Female,198976,9
1980,Heather,Female,191854,10
1980,Tiffany,Female,158627,11
1980,Michelle,Female,154028,12
1980,Amber,Female,153952,13
1980,Megan,Female,153504,14
1980,Amy,Female,150669,15
1980,Rachel,Female,146680,16
1980,Kimberly,Female,146445,17
1980,Christina,Female,146014,18
1980,Lauren,Female,145156,19
1980,Crystal,Female,141009,20
1980,Brittany,Female,140858,21
1980,Rebecca,Female,136242,22
1980,Laura,Female,134610,23
1980,Danielle,Female,134380,24
1980,Emily,Female,131759,25
1980,Samantha,Female,121141,26
1980,Angela,Female,116587,27
1980,Erin,Female,115814,28
1980,Kelly,Female,109555,29
1980,Sara,Female,104674,30
1980,Lisa,Female,102613,31
1980,Katherine,Female,99182,32
1980,Andrea,Female,98260,33
1980,Jamie,Female,96558,34
1980,Mary,Female,95860,35
1980,Erica,Female,93155,36
1980,Courtney,Female,84312,37
1980,Kristen,Female,83227,38
1980,Shannon,Female,78420,39
1980,April,Female,75950,40
1980,Katie,Female,72878,41
1980,Lindsey,Female,71941,42
1980,Kristin,Female,70556,43
1980,Lindsay,Female,68490,44
1980,Christine,Female,68016,45
1980,Alicia,Female,66965,46
1980,Maria,Female,65757,47
1980,Vanessa,Female,65729,48
1980,Kathryn,Female,62442,49
1980,Allison,Female,62330,50
1980,Julie,Female,61689,51
1980,Anna,Female,57325,52
1980,Tara,Female,56338,53
1980,Kayla,Female,55291,54
1980,Natalie,Female,54440,55
1980,Victoria,Female,53271,56
1980,Monica,Female,51865,57
1980,Jacqueline,Female,51559,58
1980,Holly,Female,49656,59
1980,Kristina,Female,45949,60
1980,Patricia,Female,45126,61
1980,Cassandra,Female,44910,62
1980,Brandy,Female,44526,63
1980,Whitney,Female,44374,64
1980,Chelsea,Female,43162,65
1980,Brandi,Female,42889,66
1980,Catherine,Female,42432,67
1980,Cynthia,Female,41666,68
1980,Kathleen,Female,39398,69
1980,Veronica,Female,39236,70
1980,Leslie,Female,38727,71
1980,Natasha,Female,38210,72
1980,Krystal,Female,37495,73
1980,Stacy,Female,36990,74
1980,Diana,Female,36899,75
1980,Erika,Female,36853,76
1980,Dana,Female,36823,77
1980,Jenna,Female,36601,78
1980,Meghan,Female,36211,79
1980,Carrie,Female,36082,80
1980,Leah,Female,36052,81
1980,Melanie,Female,35952,82
1980,Brooke,Female,34978,83
1980,Karen,Female,34916,84
1980,Alexandra,Female,34817,85
1980,Valerie,Female,34629,86
1980,Caitlin,Female,33592,87
1980,Julia,Female,33359,88
1980,Jasmine,Female,32955,89
1980,Alyssa,Female,32952,90
1980,Hannah,Female,32703,91
1980,Stacey,Female,32138,92
1980,Brittney,Female,31536,93
1980,Susan,Female,30549,94
1980,Margaret,Female,30352,95
1980,Sandra,Female,30042,96
1980,Candice,Female,29848,97
1980,Latoya,Female,29537,98
1980,Bethany,Female,29338,99
1980,Misty,Female,29115,100
1990,Jessica,Female,303118,1
1990,Ashley,Female,301815,2
1990,Emily,Female,237244,3
1990,Sarah,Female,224392,4
1990,Samantha,Female,224015,5
1990,Amanda,Female,191121,6
1990,Brittany,Female,190818,7
1990,Elizabeth,Female,172683,8
1990,Taylor,Female,169029,9
1990,Megan,Female,160367,10
1990,Hannah,Female,158807,11
1990,Kayla,Female,155890,12
1990,Lauren,Female,153584,13
1990,Stephanie,Female,149833,14
1990,Rachel,Female,149156,15
1990,Jennifer,Female,148032,16
1990,Nicole,Female,136103,17
1990,Alexis,Female,131194,18
1990,Victoria,Female,117468,19
1990,Amber,Female,115598,20
1990,Alyssa,Female,115250,21
1990,Courtney,Female,113279,22
1990,Rebecca,Female,109711,23
1990,Danielle,Female,109587,24
1990,Jasmine,Female,105315,25
1990,Brianna,Female,99102,26
1990,Katherine,Female,96879,27
1990,Alexandra,Female,94795,28
1990,Madison,Female,91905,29
1990,Morgan,Female,91192,30
1990,Melissa,Female,89985,31
1990,Michelle,Female,86524,32
1990,Kelsey,Female,85127,33
1990,Chelsea,Female,84799,34
1990,Anna,Female,78578,35
1990,Kimberly,Female,77877,36
1990,Tiffany,Female,77532,37
1990,Olivia,Female,75906,38
1990,Mary,Female,75698,39
1990,Christina,Female,74656,40
1990,Allison,Female,74427,41
1990,Abigail,Female,72770,42
1990,Sara,Female,72163,43
1990,Shelby,Female,71992,44
1990,Heather,Female,71624,45
1990,Haley,Female,71197,46
1990,Maria,Female,70893,47
1990,Kaitlyn,Female,67565,48
1990,Laura,Female,67242,49
1990,Erin,Female,65332,50
1990,Andrea,Female,65239,51
1990,Natalie,Female,63380,52
1990,Jordan,Female,61753,53
1990,Brooke,Female,60628,54
1990,Julia,Female,59946,55
1990,Emma,Female,58239,56
1990,Vanessa,Female,57916,57
1990,Erica,Female,55760,58
1990,Sydney,Female,55755,59
1990,Kelly,Female,55720,60
1990,Kristen,Female,53072,61
1990,Katelyn,Female,52810,62
1990,Marissa,Female,51214,63
1990,Amy,Female,51168,64
1990,Crystal,Female,51098,65
1990,Paige,Female,50554,66
1990,Cassandra,Female,50362,67
1990,Gabrielle,Female,49814,68
1990,Katie,Female,49456,69
1990,Caitlin,Female,49036,70
1990,Lindsey,Female,48973,71
1990,Destiny,Female,48235,72
1990,Kathryn,Female,47172,73
1990,Jacqueline,Female,45950,74
1990,Shannon,Female,45911,75
1990,Jenna,Female,45851,76
1990,Angela,Female,45164,77
1990,Savannah,Female,44716,78
1990,Mariah,Female,44601,79
1990,Alexandria,Female,44093,80
1990,Sierra,Female,43637,81
1990,Alicia,Female,43483,82
1990,Briana,Female,42799,83
1990,Miranda,Female,42222,84
1990,Jamie,Female,41445,85
1990,Catherine,Female,40759,86
1990,Brittney,Female,40030,87
1990,Breanna,Female,40025,88
1990,Grace,Female,39866,89
1990,Monica,Female,38889,90
1990,Sabrina,Female,38661,91
1990,Madeline,Female,36964,92
1990,Caroline,Female,36827,93
1990,Molly,Female,36557,94
1990,Erika,Female,35072,95
1990,Mackenzie,Female,34779,96
1990,Leah,Female,34100,97
1990,Diana,Female,33774,98
1990,Whitney,Female,32886,99
1990,Cheyenne,Female,31849,100
2000,Emily,Female,223734,1
2000,Madison,Female,193202,2
2000,Emma,Female,181360,3
2000,Olivia,Female,156038,4
2000,Hannah,Female,155746,5
2000,Abigail,Female,150905,6
2000,Isabella,Female,149549,7
2000,Samantha,Female,134294,8
2000,Elizabeth,Female,133504,9
2000,Ashley,Female,133036,10
2000,Alexis,Female,130820,11
2000,Sarah,Female,124474,12
2000,Sophia,Female,119236,13
2000,Alyssa,Female,114492,14
2000,Grace,Female,110708,15
2000,Ava,Female,104534,16
2000,Taylor,Female,100988,17
2000,Brianna,Female,99781,18
2000,Lauren,Female,97154,19
2000,Chloe,Female,96483,20
2000,Natalie,Female,95086,21
2000,Kayla,Female,94345,22
2000,Jessica,Female,90658,23
2000,Anna,Female,90256,24
2000,Victoria,Female,84951,25
2000,Mia,Female,83502,26
2000,Hailey,Female,81976,27
2000,Sydney,Female,76438,28
2000,Jasmine,Female,76057,29
2000,Julia,Female,70867,30
2000,Morgan,Female,70745,31
2000,Destiny,Female,69800,32
2000,Rachel,Female,68350,33
2000,Ella,Female,67514,34
2000,Kaitlyn,Female,66906,35
2000,Megan,Female,66830,36
2000,Katherine,Female,65346,37
2000,Savannah,Female,64747,38
2000,Jennifer,Female,63497,39
2000,Alexandra,Female,61246,40
2000,Allison,Female,59963,41
2000,Haley,Female,57051,42
2000,Maria,Female,56981,43
2000,Kaylee,Female,56420,44
2000,Lily,Female,56179,45
2000,Makayla,Female,54978,46
2000,Brooke,Female,54683,47
2000,Nicole,Female,54575,48
2000,Mackenzie,Female,54547,49
2000,Addison,Female,51380,50
2000,Stephanie,Female,49951,51
2000,Lillian,Female,49383,52
2000,Andrea,Female,49179,53
2000,Faith,Female,48773,54
2000,Zoe,Female,48749,55
2000,Kimberly,Female,48482,56
2000,Madeline,Female,48277,57
2000,Alexa,Female,48110,58
2000,Katelyn,Female,47835,59
2000,Gabriella,Female,47390,60
2000,Gabrielle,Female,47016,61
2000,Trinity,Female,46883,62
2000,Amanda,Female,46613,63
2000,Kylie,Female,46437,64
2000,Mary,Female,46240,65
2000,Paige,Female,45574,66
2000,Riley,Female,45524,67
2000,Leah,Female,45418,68
2000,Jenna,Female,45293,69
2000,Sara,Female,44040,70
2000,Rebecca,Female,43705,71
2000,Michelle,Female,43529,72
2000,Sofia,Female,43372,73
2000,Vanessa,Female,43225,74
2000,Jordan,Female,43178,75
2000,Angelina,Female,42807,76
2000,Caroline,Female,41843,77
2000,Avery,Female,41698,78
2000,Audrey,Female,41512,79
2000,Evelyn,Female,40726,80
2000,Maya,Female,40025,81
2000,Claire,Female,39005,82
2000,Autumn,Female,38529,83
2000,Jocelyn,Female,38383,84
2000,Ariana,Female,38003,85
2000,Nevaeh,Female,37937,86
2000,Arianna,Female,37828,87
2000,Jada,Female,37075,88
2000,Bailey,Female,36874,89
2000,Brooklyn,Female,36858,90
2000,Aaliyah,Female,36376,91
2000,Amber,Female,36214,92
2000,Isabel,Female,36034,93
2000,Mariah,Female,35679,94
2000,Danielle,Female,35615,95
2000,Melanie,Female,35222,96
2000,Sierra,Female,34527,97
2000,Erin,Female,33362,98
2000,Amelia,Female,33279,99
2000,Molly,Female,33265,100
2010,Emma,Female,194917,1
2010,Olivia,Female,184432,2
2010,Sophia,Female,181032,3
2010,Isabella,Female,170417,4
2010,Ava,Female,155761,5
2010,Mia,Female,128986,6
2010,Abigail,Female,118634,7
2010,Emily,Female,117556,8
2010,Charlotte,Female,102409,9
2010,Madison,Female,98351,10
2010,Elizabeth,Female,93981,11
2010,Amelia,Female,93773,12
2010,Evelyn,Female,86929,13
2010,Ella,Female,85864,14
2010,Chloe,Female,85235,15
2010,Harper,Female,85137,16
2010,Avery,Female,82881,17
2010,Sofia,Female,82357,18
2010,Grace,Female,72980,19
2010,Addison,Female,70966,20
2010,Victoria,Female,70965,21
2010,Lily,Female,68252,22
2010,Natalie,Female,68090,23
2010,Aubrey,Female,65878,24
2010,Lillian,Female,64910,25
2010,Zoey,Female,64893,26
2010,Hannah,Female,64450,27
2010,Layla,Female,63165,28
2010,Brooklyn,Female,60270,29
2010,Scarlett,Female,58240,30
2010,Zoe,Female,58064,31
2010,Camila,Female,57875,32
2010,Samantha,Female,56900,33
2010,Riley,Female,56105,34
2010,Leah,Female,55992,35
2010,Aria,Female,52207,36
2010,Savannah,Female,51809,37
2010,Audrey,Female,51585,38
2010,Anna,Female,51241,39
2010,Allison,Female,48975,40
2010,Gabriella,Female,48086,41
2010,Hailey,Female,47717,42
2010,Claire,Female,47716,43
2010,Penelope,Female,47587,44
2010,Aaliyah,Female,46661,45
2010,Sarah,Female,46599,46
2010,Nevaeh,Female,44919,47
2010,Kaylee,Female,44577,48
2010,Stella,Female,44192,49
2010,Mila,Female,44091,50
2010,Nora,Female,44066,51
2010,Ellie,Female,43207,52
2010,Bella,Female,43131,53
2010,Lucy,Female,42000,54
2010,Alexa,Female,41985,55
2010,Arianna,Female,41769,56
2010,Violet,Female,41541,57
2010,Ariana,Female,41310,58
2010,Genesis,Female,40494,59
2010,Alexis,Female,40365,60
2010,Eleanor,Female,40108,61
2010,Maya,Female,39743,62
2010,Caroline,Female,39616,63
2010,Peyton,Female,39592,64
2010,Skylar,Female,39381,65
2010,Madelyn,Female,39181,66
2010,Serenity,Female,38824,67
2010,Kennedy,Female,38573,68
2010,Taylor,Female,38191,69
2010,Alyssa,Female,37904,70
2010,Autumn,Female,37646,71
2010,Paisley,Female,37538,72
2010,Ashley,Female,37213,73
2010,Brianna,Female,36887,74
2010,Sadie,Female,36548,75
2010,Naomi,Female,36151,76
2010,Kylie,Female,36091,77
2010,Julia,Female,35884,78
2010,Sophie,Female,35653,79
2010,Mackenzie,Female,35259,80
2010,Eva,Female,35185,81
2010,Gianna,Female,34642,82
2010,Luna,Female,34149,83
2010,Katherine,Female,34127,84
2010,Hazel,Female,33889,85
2010,Khloe,Female,33794,86
2010,Ruby,Female,33436,87
2010,Piper,Female,33070,88
2010,Melanie,Female,33063,89
2010,Lydia,Female,32687,90
2010,Aubree,Female,32618,91
2010,Madeline,Female,32357,92
2010,Aurora,Female,32111,93
2010,Faith,Female,31926,94
2010,Alexandra,Female,30956,95
2010,Alice,Female,30612,96
2010,Kayla,Female,30269,97
2010,Jasmine,Female,29347,98
2010,Maria,Female,28948,99
2010,Annabelle,Female,28921,100
