"Decade","Decadewise Rank","Male Name","No. of babies(M)","Female Name","No. of babies(F)"
1920,"1","Robert","576373","Mary","701755"
1920,"2","John","564054","Dorothy","368874"
1920,"3","James","515301","Helen","290403"
1920,"4","William","512403","Betty","283095"
1920,"5","Charles","298031","Margaret","245010"
1920,"6","George","261945","Ruth","218520"
1920,"7","Joseph","243811","Virginia","169553"
1920,"8","Richard","222602","Doris","151191"
1920,"9","Edward","197348","Mildred","147156"
1920,"10","Donald","191819","Frances","140391"
1920,"11","Thomas","161109","Elizabeth","139673"
1920,"12","Frank","151830","Evelyn","124166"
1920,"13","Harold","133585","Anna","123895"
1920,"14","Paul","132387","Marie","110563"
1920,"15","Raymond","124213","Alice","110526"
1920,"16","Walter","119810","Jean","105998"
1920,"17","Jack","115985","Shirley","98601"
1920,"18","Henry","104553","Barbara","97210"
1920,"19","Kenneth","99490","Irene","92836"
1920,"20","Arthur","97112","Marjorie","91221"
1920,"21","Albert","94432","Florence","88295"
1920,"22","David","88739","Lois","88132"
1920,"23","Harry","86183","Martha","86787"
1920,"24","Eugene","84755","Rose","85306"
1920,"25","Ralph","84466","Lillian","83157"
1920,"26","Howard","70347","Louise","82894"
1920,"27","Carl","69852","Catherine","78882"
1920,"28","Willie","67992","Ruby","76735"
1920,"29","Louis","67694","Eleanor","74760"
1920,"30","Clarence","66575","Patricia","74731"
1920,"31","Earl","63603","Gladys","72562"
1920,"32","Roy","63259","Annie","69467"
1920,"33","Fred","62743","Josephine","69222"
1920,"34","Joe","62676","Thelma","68767"
1920,"35","Francis","59096","Edna","68629"
1920,"36","Lawrence","56866","Norma","65242"
1920,"37","Herbert","56531","Pauline","64074"
1920,"38","Leonard","53794","Lucille","63882"
1920,"39","Ernest","53654","Edith","62989"
1920,"40","Alfred","50156","Gloria","62858"
1920,"41","Anthony","50056","Ethel","62805"
1920,"42","Stanley","49456","Phyllis","61870"
1920,"43","Norman","49363","Grace","60060"
1920,"44","Gerald","44522","Hazel","58984"
1920,"45","Daniel","43412","June","56483"
1920,"46","Samuel","43362","Bernice","55841"
1920,"47","Bernard","42410","Marion","55178"
1920,"48","Billy","42096","Dolores","51989"
1920,"49","Melvin","40583","Rita","50588"
1920,"50","Marvin","39588","Lorraine","49939"
1920,"51","Warren","38775","Ann","49809"
1920,"52","Michael","37894","Esther","49230"
1920,"53","Leroy","37870","Beatrice","49229"
1920,"54","Russell","37208","Juanita","48547"
1920,"55","Leo","36960","Clara","48183"
1920,"56","Andrew","35953","Jane","48049"
1920,"57","Edwin","35255","Geraldine","48044"
1920,"58","Elmer","34919","Sarah","46768"
1920,"59","Peter","34069","Emma","46538"
1920,"60","Floyd","33157","Joan","45351"
1920,"61","Lloyd","33126","Joyce","44174"
1920,"62","Ray","32045","Nancy","43807"
1920,"63","Frederick","31513","Katherine","42744"
1920,"64","Theodore","31287","Gertrude","42459"
1920,"65","Clifford","31243","Elsie","42099"
1920,"66","Vernon","29432","Julia","40331"
1920,"67","Herman","29011","Agnes","39222"
1920,"68","Clyde","28955","Wilma","39126"
1920,"69","Chester","28435","Marian","38978"
1920,"70","Philip","27268","Bertha","38571"
1920,"71","Alvin","26872","Eva","38048"
1920,"72","Lester","26513","Willie","37814"
1920,"73","Wayne","26402","Audrey","37550"
1920,"74","Vincent","26238","Theresa","36667"
1920,"75","Gordon","25622","Vivian","36572"
1920,"76","Leon","25577","Wanda","36007"
1920,"77","Lewis","25327","Laura","35991"
1920,"78","Charlie","25176","Charlotte","35752"
1920,"79","Glenn","25157","Ida","35619"
1920,"80","Calvin","24784","Elaine","34907"
1920,"81","Martin","24242","Anne","34512"
1920,"82","Milton","24198","Marilyn","34202"
1920,"83","Lee","23556","Kathryn","33791"
1920,"84","Jesse","23170","Maxine","33744"
1920,"85","Dale","22751","Kathleen","33597"
1920,"86","Cecil","22528","Viola","33251"
1920,"87","Bill","22291","Pearl","32774"
1920,"88","Harvey","21786","Vera","32542"
1920,"89","Roger","21753","Bessie","32158"
1920,"90","Victor","21498","Myrtle","30569"
1920,"91","Benjamin","21028","Alma","30435"
1920,"92","Wallace","20915","Beverly","30205"
1920,"93","Ronald","20895","Violet","30022"
1920,"94","Sam","20844","Nellie","29689"
1920,"95","Allen","20092","Ella","29520"
1920,"96","Arnold","19531","Lillie","29382"
1920,"97","Willard","18441","Jessie","29289"
1920,"98","Gilbert","18233","Jeanne","29119"
1920,"99","Edgar","18037","Eileen","28588"
1920,"100","Oscar","17740","Ellen","28391"
1930,"1","Robert","590787","Mary","572987"
1930,"2","James","547462","Betty","300406"
1930,"3","John","487932","Barbara","296412"
1930,"4","William","416720","Shirley","229375"
1930,"5","Richard","330481","Patricia","220580"
1930,"6","Charles","303205","Dorothy","210415"
1930,"7","Donald","283705","Joan","173436"
1930,"8","George","192285","Margaret","157370"
1930,"9","Thomas","183867","Nancy","142483"
1930,"10","Joseph","180557","Helen","140425"
1930,"11","David","164694","Carol","117728"
1930,"12","Edward","147842","Joyce","115505"
1930,"13","Ronald","140331","Doris","110655"
1930,"14","Paul","125767","Ruth","109204"
1930,"15","Kenneth","125103","Virginia","103087"
1930,"16","Frank","108085","Marilyn","98532"
1930,"17","Raymond","99580","Elizabeth","96478"
1930,"18","Jack","96393","Jean","94184"
1930,"19","Harold","95467","Frances","92116"
1930,"20","Billy","88339","Beverly","80840"
1930,"21","Gerald","82816","Lois","80711"
1930,"22","Walter","80903","Alice","78969"
1930,"23","Jerry","80688","Donna","78844"
1930,"24","Joe","71466","Martha","77698"
1930,"25","Eugene","70939","Dolores","77135"
1930,"26","Henry","70417","Janet","76033"
1930,"27","Bobby","69416","Phyllis","73805"
1930,"28","Arthur","67730","Norma","72876"
1930,"29","Carl","66754","Carolyn","69525"
1930,"30","Larry","65247","Evelyn","69362"
1930,"31","Ralph","63800","Gloria","68585"
1930,"32","Albert","62827","Anna","66597"
1930,"33","Willie","62467","Marie","65801"
1930,"34","Fred","56162","Ann","64061"
1930,"35","Michael","56001","Mildred","61733"
1930,"36","Lawrence","54486","Rose","59108"
1930,"37","Harry","53116","Peggy","56271"
1930,"38","Howard","51494","Geraldine","50039"
1930,"39","Roy","51494","Catherine","50028"
1930,"40","Norman","49987","Judith","49904"
1930,"41","Roger","49611","Louise","49860"
1930,"42","Daniel","47998","Janice","49343"
1930,"43","Louis","47750","Marjorie","49213"
1930,"44","Earl","44611","Annie","48947"
1930,"45","Gary","43592","Ruby","47648"
1930,"46","Clarence","42674","Eleanor","46379"
1930,"47","Anthony","42541","Jane","45814"
1930,"48","Francis","41384","Sandra","45399"
1930,"49","Wayne","41139","Irene","44449"
1930,"50","Marvin","41084","Wanda","43074"
1930,"51","Ernest","39343","Elaine","41108"
1930,"52","Leonard","39214","June","40743"
1930,"53","Herbert","37821","Joanne","40579"
1930,"54","Melvin","37705","Rita","38740"
1930,"55","Stanley","37130","Florence","37940"
1930,"56","Leroy","36256","Delores","37603"
1930,"57","Don","35978","Lillian","37393"
1930,"58","Peter","35821","Marlene","37355"
1930,"59","Jimmy","35397","Edna","36972"
1930,"60","Alfred","34390","Sarah","36513"
1930,"61","Dale","32535","Patsy","36474"
1930,"62","Bill","32333","Lorraine","36332"
1930,"63","Samuel","32133","Thelma","36254"
1930,"64","Bernard","30544","Josephine","36051"
1930,"65","Ray","30211","Juanita","35916"
1930,"66","Gene","29312","Bonnie","35801"
1930,"67","Philip","28847","Arlene","34796"
1930,"68","Russell","28840","Gladys","34762"
1930,"69","Frederick","26603","Joann","34696"
1930,"70","Franklin","26380","Sally","34679"
1930,"71","Dennis","26367","Charlotte","34646"
1930,"72","Douglas","26032","Kathleen","34551"
1930,"73","Jimmie","25811","Audrey","34007"
1930,"74","Gordon","25458","Pauline","33689"
1930,"75","Andrew","25023","Wilma","33188"
1930,"76","Theodore","24957","Sylvia","33009"
1930,"77","Floyd","24887","Theresa","32786"
1930,"78","Johnny","24595","Jacqueline","32112"
1930,"79","Allen","24356","Clara","31657"
1930,"80","Glenn","24221","Ethel","31582"
1930,"81","Bruce","24119","Loretta","31536"
1930,"82","Edwin","24021","Grace","31358"
1930,"83","Lee","23953","Sharon","31083"
1930,"84","Lloyd","23797","Edith","31047"
1930,"85","Bob","23291","Lucille","30842"
1930,"86","Clifford","23099","Emma","30020"
1930,"87","Leon","23005","Bernice","29906"
1930,"88","Leo","22863","Marion","29564"
1930,"89","Clyde","22452","Linda","29358"
1930,"90","Eddie","22329","Jo","28653"
1930,"91","Vernon","22196","Anne","28621"
1930,"92","Martin","21928","Hazel","28564"
1930,"93","Alvin","21485","Roberta","27731"
1930,"94","Jim","20823","Carole","26767"
1930,"95","Herman","20319","Darlene","25956"
1930,"96","Lewis","20018","Esther","25791"
1930,"97","Harvey","19904","Katherine","25193"
1930,"98","Tommy","19857","Ellen","25139"
1930,"99","Vincent","19405","Laura","25093"
1930,"100","Charlie","19154","Julia","24937"
1940,"1","James","795753","Mary","640066"
1940,"2","Robert","758091","Linda","531653"
1940,"3","John","711578","Barbara","425261"
1940,"4","William","556446","Patricia","411412"
1940,"5","Richard","477458","Carol","292328"
1940,"6","David","426349","Sandra","265536"
1940,"7","Charles","361747","Nancy","252054"
1940,"8","Thomas","350760","Sharon","221230"
1940,"9","Michael","336559","Judith","218033"
1940,"10","Ronald","282458","Susan","212013"
1940,"11","Larry","255899","Betty","194622"
1940,"12","Donald","247820","Carolyn","181852"
1940,"13","Joseph","230273","Margaret","173023"
1940,"14","Gary","217762","Shirley","171777"
1940,"15","George","209000","Judy","167716"
1940,"16","Kenneth","198542","Karen","167700"
1940,"17","Paul","183342","Donna","165523"
1940,"18","Edward","174789","Kathleen","152980"
1940,"19","Jerry","167244","Joyce","151493"
1940,"20","Dennis","162109","Dorothy","132255"
1940,"21","Frank","119417","Janet","130755"
1940,"22","Daniel","112771","Diane","122877"
1940,"23","Raymond","109067","Janice","118892"
1940,"24","Roger","107597","Joan","117706"
1940,"25","Stephen","106803","Elizabeth","116543"
1940,"26","Gerald","103340","Brenda","112410"
1940,"27","Walter","83727","Gloria","105049"
1940,"28","Harold","82172","Virginia","98998"
1940,"29","Steven","81205","Marilyn","98975"
1940,"30","Douglas","80758","Martha","95383"
1940,"31","Lawrence","80453","Beverly","95121"
1940,"32","Terry","76967","Helen","90740"
1940,"33","Wayne","75125","Bonnie","86886"
1940,"34","Arthur","73966","Ruth","85662"
1940,"35","Jack","73921","Frances","85443"
1940,"36","Carl","72733","Jean","80367"
1940,"37","Henry","72481","Ann","76794"
1940,"38","Willie","72415","Phyllis","76138"
1940,"39","Bruce","72094","Pamela","73120"
1940,"40","Joe","72013","Jane","72536"
1940,"41","Peter","69329","Alice","72391"
1940,"42","Billy","67827","Peggy","72121"
1940,"43","Roy","65642","Cheryl","70959"
1940,"44","Ralph","64974","Doris","64140"
1940,"45","Anthony","64825","Catherine","62082"
1940,"46","Jimmy","63522","Elaine","60103"
1940,"47","Albert","60275","Cynthia","58060"
1940,"48","Bobby","58889","Marie","57519"
1940,"49","Eugene","57269","Lois","56854"
1940,"50","Johnny","57196","Connie","56601"
1940,"51","Fred","56666","Christine","54562"
1940,"52","Harry","56244","Diana","53697"
1940,"53","Howard","53528","Gail","53140"
1940,"54","Mark","50729","Joanne","51653"
1940,"55","Alan","50303","Rose","51640"
1940,"56","Louis","49425","Wanda","50775"
1940,"57","Philip","48731","Carole","50304"
1940,"58","Patrick","48616","Rita","49852"
1940,"59","Dale","46809","Charlotte","49478"
1940,"60","Danny","46655","Jo","48447"
1940,"61","Stanley","46263","Evelyn","48158"
1940,"62","Leonard","44284","Geraldine","47933"
1940,"63","Timothy","43504","Jacqueline","45557"
1940,"64","Gregory","43223","Ellen","45406"
1940,"65","Samuel","43126","Sally","45343"
1940,"66","Ronnie","42455","Rebecca","45311"
1940,"67","Norman","42163","Kathryn","44581"
1940,"68","Ernest","41760","Deborah","44055"
1940,"69","Russell","41331","Norma","43030"
1940,"70","Francis","39517","Suzanne","41404"
1940,"71","Melvin","39232","Anna","41280"
1940,"72","Earl","39124","Sue","40943"
1940,"73","Frederick","39111","Darlene","40321"
1940,"74","Allen","39049","Patsy","40278"
1940,"75","Bill","37756","Joann","40016"
1940,"76","Tommy","37043","Sarah","39975"
1940,"77","Phillip","36988","Katherine","39911"
1940,"78","Marvin","36442","Paula","39046"
1940,"79","Steve","36284","Annie","38714"
1940,"80","Don","36253","Louise","38663"
1940,"81","Clarence","36197","Roberta","38049"
1940,"82","Barry","36190","Sylvia","37285"
1940,"83","Glenn","35714","Anne","36145"
1940,"84","Jim","35631","Theresa","35789"
1940,"85","Eddie","34805","Sheila","35741"
1940,"86","Mike","34643","Maria","35569"
1940,"87","Andrew","34618","Laura","35070"
1940,"88","Jeffrey","34339","Kathy","34765"
1940,"89","Leroy","33859","Eileen","34694"
1940,"90","Alfred","31994","Marcia","34394"
1940,"91","Martin","31403","Rosemary","34296"
1940,"92","Lee","30977","Glenda","33348"
1940,"93","Tom","29884","Dolores","33099"
1940,"94","Ray","29653","Mildred","33069"
1940,"95","Herbert","28705","Lorraine","33046"
1940,"96","Gene","27739","Marjorie","32901"
1940,"97","Bernard","26445","Sherry","32757"
1940,"98","Theodore","26246","Kay","32653"
1940,"99","Curtis","26004","Anita","32528"
1940,"100","Keith","25870","Dianne","32295"
1950,"1","James","843711","Mary","625601"
1950,"2","Michael","837390","Linda","564348"
1950,"3","Robert","830337","Patricia","459668"
1950,"4","John","797866","Susan","437762"
1950,"5","David","769870","Deborah","430530"
1950,"6","William","591194","Barbara","345718"
1950,"7","Richard","535408","Debra","341338"
1950,"8","Thomas","454350","Karen","332517"
1950,"9","Mark","382531","Nancy","286804"
1950,"10","Charles","361162","Donna","270333"
1950,"11","Steven","333624","Cynthia","263421"
1950,"12","Gary","329915","Sandra","251589"
1950,"13","Joseph","299978","Pamela","237393"
1950,"14","Donald","273553","Sharon","232802"
1950,"15","Ronald","271129","Kathleen","224335"
1950,"16","Kenneth","262798","Carol","222650"
1950,"17","Paul","253176","Diane","210623"
1950,"18","Larry","245669","Brenda","209234"
1950,"19","Daniel","243695","Cheryl","171388"
1950,"20","Stephen","207263","Janet","167514"
1950,"21","Dennis","204247","Elizabeth","165658"
1950,"22","Timothy","198285","Kathy","157927"
1950,"23","Edward","188317","Margaret","149581"
1950,"24","Jeffrey","184644","Janice","133616"
1950,"25","George","181026","Carolyn","124069"
1950,"26","Gregory","178435","Denise","123778"
1950,"27","Kevin","158999","Judy","118057"
1950,"28","Douglas","148187","Rebecca","115688"
1950,"29","Terry","140720","Joyce","114978"
1950,"30","Anthony","136634","Teresa","114278"
1950,"31","Jerry","136565","Christine","113340"
1950,"32","Bruce","136446","Catherine","108837"
1950,"33","Randy","120529","Shirley","108809"
1950,"34","Brian","112326","Judith","108755"
1950,"35","Frank","112324","Betty","103203"
1950,"36","Scott","111806","Beverly","97784"
1950,"37","Roger","110146","Lisa","95817"
1950,"38","Raymond","108928","Laura","95523"
1950,"39","Peter","102744","Theresa","89601"
1950,"40","Patrick","96846","Connie","88804"
1950,"41","Keith","91225","Ann","87044"
1950,"42","Lawrence","91106","Gloria","86707"
1950,"43","Wayne","88094","Julie","86691"
1950,"44","Danny","86641","Gail","85616"
1950,"45","Alan","83973","Joan","85176"
1950,"46","Gerald","82619","Paula","84869"
1950,"47","Ricky","79160","Peggy","84291"
1950,"48","Carl","78748","Cindy","83975"
1950,"49","Christopher","78301","Martha","83185"
1950,"50","Dale","75562","Bonnie","83011"
1950,"51","Walter","72188","Jane","82920"
1950,"52","Craig","69478","Cathy","82717"
1950,"53","Willie","66455","Robin","82425"
1950,"54","Johnny","65781","Debbie","82098"
1950,"55","Arthur","65719","Diana","80233"
1950,"56","Steve","64226","Marilyn","80159"
1950,"57","Joe","62621","Kathryn","77802"
1950,"58","Randall","62450","Dorothy","74473"
1950,"59","Russell","62392","Wanda","72448"
1950,"60","Jack","62381","Jean","72263"
1950,"61","Henry","62229","Vicki","71978"
1950,"62","Harold","62174","Sheila","70172"
1950,"63","Roy","61841","Virginia","69784"
1950,"64","Andrew","60964","Sherry","68323"
1950,"65","Philip","60845","Katherine","66852"
1950,"66","Ralph","60434","Rose","66690"
1950,"67","Billy","59278","Lynn","66047"
1950,"68","Glenn","58706","Jo","63943"
1950,"69","Stanley","57159","Ruth","62534"
1950,"70","Jimmy","54888","Maria","62450"
1950,"71","Rodney","54813","Darlene","61884"
1950,"72","Barry","54803","Jacqueline","60462"
1950,"73","Samuel","53762","Rita","60267"
1950,"74","Eric","53296","Rhonda","59816"
1950,"75","Bobby","53280","Phyllis","57770"
1950,"76","Albert","52834","Helen","57572"
1950,"77","Phillip","52457","Vickie","56857"
1950,"78","Ronnie","51299","Kim","56078"
1950,"79","Martin","50986","Lori","56069"
1950,"80","Mike","48351","Ellen","55387"
1950,"81","Eugene","48280","Elaine","54233"
1950,"82","Louis","47923","Joanne","53569"
1950,"83","Howard","47851","Anne","52400"
1950,"84","Allen","47313","Valerie","52233"
1950,"85","Curtis","46316","Alice","52074"
1950,"86","Jeffery","45872","Frances","51197"
1950,"87","Frederick","44276","Suzanne","50328"
1950,"88","Leonard","43561","Marie","49264"
1950,"89","Harry","43333","Victoria","49125"
1950,"90","Micheal","40915","Kimberly","48953"
1950,"91","Tony","40776","Anita","47590"
1950,"92","Ernest","39677","Laurie","46962"
1950,"93","Eddie","38595","Michelle","46781"
1950,"94","Fred","37451","Sally","46704"
1950,"95","Darrell","37255","Terri","46430"
1950,"96","Jay","36967","Marcia","43734"
1950,"97","Melvin","36165","Terry","43192"
1950,"98","Lee","35822","Jennifer","43071"
1950,"99","Matthew","35796","Leslie","43046"
1950,"100","Vincent","35349","Doris","42897"
1960,"1","Michael","833102","Lisa","496975"
1960,"2","David","733964","Mary","355235"
1960,"3","John","713407","Susan","287654"
1960,"4","James","684765","Karen","286051"
1960,"5","Robert","650776","Kimberly","259077"
1960,"6","Mark","441400","Patricia","231158"
1960,"7","William","421421","Linda","225432"
1960,"8","Richard","373902","Donna","213465"
1960,"9","Thomas","327078","Michelle","208294"
1960,"10","Jeffrey","302019","Cynthia","196600"
1960,"11","Steven","290601","Sandra","183844"
1960,"12","Joseph","283062","Deborah","183429"
1960,"13","Timothy","276823","Tammy","182218"
1960,"14","Kevin","271408","Pamela","181935"
1960,"15","Scott","266839","Lori","176557"
1960,"16","Brian","258131","Laura","174182"
1960,"17","Charles","249399","Elizabeth","168907"
1960,"18","Paul","242515","Julie","166143"
1960,"19","Daniel","242028","Brenda","164495"
1960,"20","Christopher","237171","Jennifer","164407"
1960,"21","Kenneth","227514","Barbara","159762"
1960,"22","Anthony","203144","Angela","159280"
1960,"23","Gregory","187498","Sharon","154894"
1960,"24","Ronald","182169","Debra","153768"
1960,"25","Donald","172624","Teresa","151785"
1960,"26","Gary","166027","Nancy","142723"
1960,"27","Stephen","152225","Christine","139331"
1960,"28","Eric","152215","Cheryl","135643"
1960,"29","Edward","143979","Denise","128819"
1960,"30","Douglas","134996","Kelly","128054"
1960,"31","Todd","128743","Tina","126395"
1960,"32","Patrick","122719","Kathleen","120947"
1960,"33","George","113020","Melissa","119203"
1960,"34","Keith","112584","Robin","118322"
1960,"35","Larry","108582","Amy","116783"
1960,"36","Matthew","105962","Diane","114445"
1960,"37","Terry","101469","Dawn","114293"
1960,"38","Andrew","97121","Carol","112335"
1960,"39","Dennis","94984","Tracy","103776"
1960,"40","Randy","93882","Kathy","101125"
1960,"41","Jerry","93549","Rebecca","99463"
1960,"42","Peter","92418","Theresa","97117"
1960,"43","Frank","87163","Kim","94387"
1960,"44","Craig","84710","Rhonda","93605"
1960,"45","Raymond","81790","Stephanie","92817"
1960,"46","Jeffery","79522","Cindy","91592"
1960,"47","Bruce","74640","Janet","89313"
1960,"48","Rodney","72192","Wendy","88963"
1960,"49","Mike","71461","Maria","88817"
1960,"50","Roger","71442","Michele","86990"
1960,"51","Tony","70574","Jacqueline","84388"
1960,"52","Ricky","66391","Debbie","84208"
1960,"53","Steve","65629","Margaret","81864"
1960,"54","Jeff","62078","Paula","80510"
1960,"55","Troy","61411","Sherry","77523"
1960,"56","Alan","61391","Catherine","76784"
1960,"57","Carl","60785","Carolyn","75262"
1960,"58","Danny","60718","Laurie","74446"
1960,"59","Russell","60448","Sheila","74073"
1960,"60","Chris","56353","Ann","72081"
1960,"61","Bryan","55300","Jill","69145"
1960,"62","Gerald","55297","Connie","65287"
1960,"63","Wayne","54755","Diana","65037"
1960,"64","Joe","53387","Terri","63739"
1960,"65","Randall","52045","Suzanne","59759"
1960,"66","Lawrence","51346","Andrea","58405"
1960,"67","Dale","50420","Beth","58383"
1960,"68","Phillip","50389","Janice","57965"
1960,"69","Johnny","49840","Valerie","56585"
1960,"70","Vincent","49475","Renee","55814"
1960,"71","Martin","49108","Leslie","54455"
1960,"72","Bradley","48728","Christina","52786"
1960,"73","Billy","48464","Gina","52368"
1960,"74","Glenn","48093","Lynn","51929"
1960,"75","Shawn","47792","Annette","51915"
1960,"76","Jonathan","47396","Cathy","51626"
1960,"77","Jimmy","47394","Katherine","50619"
1960,"78","Sean","47293","Judy","50324"
1960,"79","Curtis","47244","Carla","47902"
1960,"80","Barry","47220","Wanda","47769"
1960,"81","Bobby","46389","Anne","47764"
1960,"82","Walter","45931","Dana","47699"
1960,"83","Jon","44881","Joyce","46123"
1960,"84","Philip","44780","Regina","45825"
1960,"85","Samuel","44254","Beverly","45240"
1960,"86","Jay","42716","Monica","45189"
1960,"87","Jason","42546","Bonnie","45086"
1960,"88","Dean","42527","Kathryn","44863"
1960,"89","Jose","42033","Anita","44408"
1960,"90","Tim","41584","Sarah","43917"
1960,"91","Roy","40035","Darlene","43529"
1960,"92","Willie","39820","Jane","43334"
1960,"93","Arthur","39617","Sherri","41630"
1960,"94","Darryl","39194","Martha","41037"
1960,"95","Henry","39132","Anna","40922"
1960,"96","Darrell","38022","Colleen","40670"
1960,"97","Allen","37699","Vicki","40509"
1960,"98","Victor","36830","Tracey","40285"
1960,"99","Harold","36740","Judith","39778"
1960,"100","Greg","36448","Tamara","39007"
1970,"1","Michael","707458","Jennifer","581753"
1970,"2","Christopher","475526","Amy","268996"
1970,"3","Jason","462821","Melissa","253274"
1970,"4","David","445842","Michelle","249138"
1970,"5","James","444823","Kimberly","229106"
1970,"6","John","402715","Lisa","228690"
1970,"7","Robert","397295","Angela","225264"
1970,"8","Brian","322747","Heather","203912"
1970,"9","William","283456","Stephanie","160464"
1970,"10","Matthew","277828","Nicole","144670"
1970,"11","Joseph","244882","Jessica","143500"
1970,"12","Daniel","244510","Elizabeth","142857"
1970,"13","Kevin","212294","Rebecca","137295"
1970,"14","Eric","211529","Kelly","133559"
1970,"15","Jeffrey","202894","Mary","126260"
1970,"16","Richard","202832","Christina","125746"
1970,"17","Scott","194594","Amanda","123932"
1970,"18","Mark","194333","Julie","121932"
1970,"19","Steven","188123","Sarah","118836"
1970,"20","Thomas","186810","Laura","118211"
1970,"21","Timothy","181294","Shannon","113804"
1970,"22","Anthony","174907","Christine","103236"
1970,"23","Charles","163071","Tammy","98830"
1970,"24","Joshua","140357","Tracy","95534"
1970,"25","Ryan","139682","Karen","95177"
1970,"26","Jeremy","139336","Dawn","92450"
1970,"27","Paul","136433","Susan","88317"
1970,"28","Andrew","132980","Andrea","86429"
1970,"29","Gregory","115592","Tina","84767"
1970,"30","Chad","113553","Patricia","81106"
1970,"31","Kenneth","111508","Cynthia","80202"
1970,"32","Jonathan","107949","Lori","77779"
1970,"33","Stephen","107841","Rachel","77754"
1970,"34","Shawn","105801","April","76946"
1970,"35","Aaron","101500","Maria","76327"
1970,"36","Adam","91782","Wendy","74187"
1970,"37","Patrick","91276","Crystal","73765"
1970,"38","Justin","86571","Stacy","69901"
1970,"39","Sean","83880","Erin","67894"
1970,"40","Edward","83460","Jamie","67845"
1970,"41","Todd","83347","Carrie","66827"
1970,"42","Donald","82443","Tiffany","65158"
1970,"43","Ronald","81742","Tara","65074"
1970,"44","Benjamin","81356","Sandra","64335"
1970,"45","Keith","76708","Monica","61679"
1970,"46","Bryan","71366","Danielle","60920"
1970,"47","Gary","68271","Stacey","59212"
1970,"48","Jose","66381","Pamela","58040"
1970,"49","Nathan","65884","Tonya","57791"
1970,"50","Douglas","65173","Sara","56962"
1970,"51","Nicholas","65089","Michele","56558"
1970,"52","Brandon","65065","Teresa","56035"
1970,"53","George","64766","Denise","55871"
1970,"54","Travis","64125","Jill","55071"
1970,"55","Peter","62352","Katherine","54059"
1970,"56","Craig","58811","Melanie","53321"
1970,"57","Bradley","58702","Dana","51357"
1970,"58","Larry","58147","Holly","50466"
1970,"59","Dennis","50562","Erica","49598"
1970,"60","Shane","50289","Brenda","48593"
1970,"61","Raymond","49356","Deborah","47858"
1970,"62","Troy","48859","Tanya","47826"
1970,"63","Jerry","48357","Sharon","47774"
1970,"64","Samuel","48107","Donna","47347"
1970,"65","Frank","46926","Amber","47070"
1970,"66","Jesse","44903","Emily","46849"
1970,"67","Jeffery","44571","Robin","45944"
1970,"68","Juan","43400","Linda","45902"
1970,"69","Terry","42436","Kathleen","44846"
1970,"70","Corey","41003","Leslie","44837"
1970,"71","Phillip","39850","Christy","44591"
1970,"72","Marcus","39481","Kristen","44212"
1970,"73","Derek","38330","Catherine","43865"
1970,"74","Rodney","37455","Kristin","42384"
1970,"75","Joel","37237","Misty","42376"
1970,"76","Carlos","36956","Barbara","42237"
1970,"77","Randy","36544","Heidi","42227"
1970,"78","Jacob","36374","Nancy","41848"
1970,"79","Jamie","36299","Cheryl","40394"
1970,"80","Tony","35691","Theresa","40078"
1970,"81","Russell","35476","Brandy","40071"
1970,"82","Brent","35389","Alicia","39254"
1970,"83","Antonio","33280","Veronica","38791"
1970,"84","Billy","33224","Gina","38120"
1970,"85","Derrick","32865","Jacqueline","37964"
1970,"86","Kyle","32657","Rhonda","37947"
1970,"87","Erik","32099","Anna","37804"
1970,"88","Johnny","32028","Renee","37595"
1970,"89","Marc","31840","Megan","37365"
1970,"90","Carl","31376","Tamara","37077"
1970,"91","Philip","31375","Melinda","36437"
1970,"92","Roger","29719","Kathryn","36435"
1970,"93","Bobby","29079","Debra","34605"
1970,"94","Brett","28933","Sherry","34206"
1970,"95","Danny","28866","Allison","34168"
1970,"96","Curtis","28817","Valerie","33812"
1970,"97","Jon","28698","Diana","33346"
1970,"98","Vincent","27651","Paula","32727"
1970,"99","Cory","27515","Kristina","32649"
1970,"100","Jimmy","27105","Ann","32029"
1980,"1","Michael","663827","Jessica","469518"
1980,"2","Christopher","554909","Jennifer","440896"
1980,"3","Matthew","459019","Amanda","369738"
1980,"4","Joshua","396581","Ashley","352189"
1980,"5","David","383739","Sarah","272635"
1980,"6","James","356518","Stephanie","218171"
1980,"7","Daniel","345574","Melissa","217932"
1980,"8","Robert","321686","Nicole","210501"
1980,"9","John","321185","Elizabeth","198976"
1980,"10","Joseph","299451","Heather","191854"
1980,"11","Jason","292129","Tiffany","158627"
1980,"12","Justin","289832","Michelle","154028"
1980,"13","Andrew","285102","Amber","153952"
1980,"14","Ryan","278996","Megan","153504"
1980,"15","William","248305","Amy","150669"
1980,"16","Brian","234017","Rachel","146680"
1980,"17","Brandon","232231","Kimberly","146445"
1980,"18","Jonathan","229969","Christina","146014"
1980,"19","Nicholas","223327","Lauren","145156"
1980,"20","Anthony","211868","Crystal","141009"
1980,"21","Eric","204256","Brittany","140858"
1980,"22","Adam","195096","Rebecca","136242"
1980,"23","Kevin","188684","Laura","134610"
1980,"24","Thomas","177836","Danielle","134380"
1980,"25","Steven","177462","Emily","131759"
1980,"26","Timothy","172849","Samantha","121141"
1980,"27","Richard","154759","Angela","116587"
1980,"28","Jeremy","153430","Erin","115814"
1980,"29","Jeffrey","144811","Kelly","109555"
1980,"30","Kyle","141950","Sara","104674"
1980,"31","Benjamin","141410","Lisa","102613"
1980,"32","Aaron","138373","Katherine","99182"
1980,"33","Charles","131924","Andrea","98260"
1980,"34","Mark","129458","Jamie","96558"
1980,"35","Jacob","124260","Mary","95860"
1980,"36","Stephen","113630","Erica","93155"
1980,"37","Patrick","111428","Courtney","84312"
1980,"38","Scott","108168","Kristen","83227"
1980,"39","Nathan","106002","Shannon","78420"
1980,"40","Paul","104403","April","75950"
1980,"41","Sean","103871","Katie","72878"
1980,"42","Travis","102949","Lindsey","71941"
1980,"43","Zachary","101836","Kristin","70556"
1980,"44","Dustin","97322","Lindsay","68490"
1980,"45","Gregory","93665","Christine","68016"
1980,"46","Kenneth","89124","Alicia","66965"
1980,"47","Jose","86633","Maria","65757"
1980,"48","Tyler","86460","Vanessa","65729"
1980,"49","Jesse","85926","Kathryn","62442"
1980,"50","Alexander","82028","Allison","62330"
1980,"51","Bryan","80503","Julie","61689"
1980,"52","Samuel","73457","Anna","57325"
1980,"53","Derek","72926","Tara","56338"
1980,"54","Bradley","69362","Kayla","55291"
1980,"55","Chad","69062","Natalie","54440"
1980,"56","Shawn","65604","Victoria","53271"
1980,"57","Edward","60838","Monica","51865"
1980,"58","Jared","60307","Jacqueline","51559"
1980,"59","Cody","60287","Holly","49656"
1980,"60","Jordan","57172","Kristina","45949"
1980,"61","Peter","56730","Patricia","45126"
1980,"62","Corey","53612","Cassandra","44910"
1980,"63","Keith","52645","Brandy","44526"
1980,"64","Marcus","51812","Whitney","44374"
1980,"65","Juan","51445","Chelsea","43162"
1980,"66","Donald","50848","Brandi","42889"
1980,"67","Ronald","46669","Catherine","42432"
1980,"68","George","45719","Cynthia","41666"
1980,"69","Phillip","45710","Kathleen","39398"
1980,"70","Cory","44366","Veronica","39236"
1980,"71","Joel","43576","Leslie","38727"
1980,"72","Shane","43177","Natasha","38210"
1980,"73","Douglas","41751","Krystal","37495"
1980,"74","Antonio","41620","Stacy","36990"
1980,"75","Carlos","41503","Diana","36899"
1980,"76","Raymond","41503","Erika","36853"
1980,"77","Brett","41299","Dana","36823"
1980,"78","Gary","40233","Jenna","36601"
1980,"79","Alex","38714","Meghan","36211"
1980,"80","Nathaniel","38653","Carrie","36082"
1980,"81","Craig","38106","Leah","36052"
1980,"82","Ian","37782","Melanie","35952"
1980,"83","Luis","37446","Brooke","34978"
1980,"84","Derrick","36350","Karen","34916"
1980,"85","Erik","36347","Alexandra","34817"
1980,"86","Casey","35975","Valerie","34629"
1980,"87","Philip","35741","Caitlin","33592"
1980,"88","Frank","33612","Julia","33359"
1980,"89","Evan","32483","Jasmine","32955"
1980,"90","Gabriel","32329","Alyssa","32952"
1980,"91","Victor","32283","Hannah","32703"
1980,"92","Vincent","32064","Stacey","32138"
1980,"93","Austin","31308","Brittney","31536"
1980,"94","Brent","31286","Susan","30549"
1980,"95","Larry","31282","Margaret","30352"
1980,"96","Seth","31132","Sandra","30042"
1980,"97","Wesley","31092","Candice","29848"
1980,"98","Dennis","30467","Latoya","29537"
1980,"99","Todd","30337","Bethany","29338"
1980,"100","Christian","30288","Misty","29115"
1990,"1","Michael","462390","Jessica","303118"
1990,"2","Christopher","360255","Ashley","301815"
1990,"3","Matthew","351649","Emily","237244"
1990,"4","Joshua","329157","Sarah","224392"
1990,"5","Jacob","298400","Samantha","224015"
1990,"6","Nicholas","275309","Amanda","191121"
1990,"7","Andrew","272909","Brittany","190818"
1990,"8","Daniel","272315","Elizabeth","172683"
1990,"9","Tyler","262296","Taylor","169029"
1990,"10","Joseph","260709","Megan","160367"
1990,"11","Brandon","259407","Hannah","158807"
1990,"12","David","253678","Kayla","155890"
1990,"13","James","244947","Lauren","153584"
1990,"14","Ryan","241222","Stephanie","149833"
1990,"15","John","240118","Rachel","149156"
1990,"16","Zachary","225275","Jennifer","148032"
1990,"17","Justin","220119","Nicole","136103"
1990,"18","William","217810","Alexis","131194"
1990,"19","Anthony","216205","Victoria","117468"
1990,"20","Robert","205436","Amber","115598"
1990,"21","Jonathan","197483","Alyssa","115250"
1990,"22","Austin","190130","Courtney","113279"
1990,"23","Alexander","183931","Rebecca","109711"
1990,"24","Kyle","180203","Danielle","109587"
1990,"25","Kevin","165210","Jasmine","105315"
1990,"26","Thomas","146617","Brianna","99102"
1990,"27","Cody","146478","Katherine","96879"
1990,"28","Jordan","144746","Alexandra","94795"
1990,"29","Eric","135231","Madison","91905"
1990,"30","Benjamin","133922","Morgan","91192"
1990,"31","Aaron","128359","Melissa","89985"
1990,"32","Christian","126045","Michelle","86524"
1990,"33","Samuel","125575","Kelsey","85127"
1990,"34","Dylan","122067","Chelsea","84799"
1990,"35","Steven","121092","Anna","78578"
1990,"36","Brian","119287","Kimberly","77877"
1990,"37","Jose","119022","Tiffany","77532"
1990,"38","Timothy","107757","Olivia","75906"
1990,"39","Nathan","107308","Mary","75698"
1990,"40","Adam","106894","Christina","74656"
1990,"41","Richard","94865","Allison","74427"
1990,"42","Patrick","92925","Abigail","72770"
1990,"43","Charles","92422","Sara","72163"
1990,"44","Sean","91994","Shelby","71992"
1990,"45","Jason","91716","Heather","71624"
1990,"46","Cameron","81128","Haley","71197"
1990,"47","Jeremy","77791","Maria","70893"
1990,"48","Mark","75804","Kaitlyn","67565"
1990,"49","Stephen","75162","Laura","67242"
1990,"50","Jesse","73789","Erin","65332"
1990,"51","Juan","70908","Andrea","65239"
1990,"52","Alex","70821","Natalie","63380"
1990,"53","Travis","68204","Jordan","61753"
1990,"54","Jeffrey","66985","Brooke","60628"
1990,"55","Ethan","66920","Julia","59946"
1990,"56","Caleb","66286","Emma","58239"
1990,"57","Luis","64742","Vanessa","57916"
1990,"58","Jared","63785","Erica","55760"
1990,"59","Logan","63569","Sydney","55755"
1990,"60","Hunter","60520","Kelly","55720"
1990,"61","Trevor","59940","Kristen","53072"
1990,"62","Bryan","59745","Katelyn","52810"
1990,"63","Evan","59396","Marissa","51214"
1990,"64","Paul","58924","Amy","51168"
1990,"65","Taylor","58400","Crystal","51098"
1990,"66","Kenneth","58252","Paige","50554"
1990,"67","Connor","57387","Cassandra","50362"
1990,"68","Dustin","56767","Gabrielle","49814"
1990,"69","Noah","56256","Katie","49456"
1990,"70","Carlos","55168","Caitlin","49036"
1990,"71","Devin","55068","Lindsey","48973"
1990,"72","Gabriel","54809","Destiny","48235"
1990,"73","Ian","53998","Kathryn","47172"
1990,"74","Nathaniel","52575","Jacqueline","45950"
1990,"75","Gregory","52085","Shannon","45911"
1990,"76","Derek","50749","Jenna","45851"
1990,"77","Corey","50219","Angela","45164"
1990,"78","Jesus","49123","Savannah","44716"
1990,"79","Scott","49018","Mariah","44601"
1990,"80","Bradley","48080","Alexandria","44093"
1990,"81","Dakota","46651","Sierra","43637"
1990,"82","Antonio","46541","Alicia","43483"
1990,"83","Marcus","46483","Briana","42799"
1990,"84","Blake","45867","Miranda","42222"
1990,"85","Garrett","45325","Jamie","41445"
1990,"86","Edward","45165","Catherine","40759"
1990,"87","Luke","44432","Brittney","40030"
1990,"88","Shawn","42481","Breanna","40025"
1990,"89","Peter","42382","Grace","39866"
1990,"90","Seth","42209","Monica","38889"
1990,"91","Mitchell","42013","Sabrina","38661"
1990,"92","Adrian","41976","Madeline","36964"
1990,"93","Victor","41066","Caroline","36827"
1990,"94","Miguel","41008","Molly","36557"
1990,"95","Shane","40597","Erika","35072"
1990,"96","Chase","40305","Mackenzie","34779"
1990,"97","Isaac","40265","Leah","34100"
1990,"98","Spencer","38178","Diana","33774"
1990,"99","Lucas","38171","Whitney","32886"
1990,"100","Jack","37487","Cheyenne","31849"
2000,"1","Jacob","273992","Emily","223734"
2000,"2","Michael","250662","Madison","193202"
2000,"3","Joshua","232004","Emma","181360"
2000,"4","Matthew","221591","Olivia","156038"
2000,"5","Daniel","203881","Hannah","155746"
2000,"6","Christopher","203351","Abigail","150905"
2000,"7","Andrew","202541","Isabella","149549"
2000,"8","Ethan","201809","Samantha","134294"
2000,"9","Joseph","194863","Elizabeth","133504"
2000,"10","William","194368","Ashley","133036"
2000,"11","Anthony","191898","Alexis","130820"
2000,"12","David","180004","Sarah","124474"
2000,"13","Alexander","178817","Sophia","119236"
2000,"14","Nicholas","177598","Alyssa","114492"
2000,"15","Ryan","173224","Grace","110708"
2000,"16","Tyler","165570","Ava","104534"
2000,"17","James","163155","Taylor","100988"
2000,"18","John","161023","Brianna","99781"
2000,"19","Jonathan","144816","Lauren","97154"
2000,"20","Noah","143489","Chloe","96483"
2000,"21","Brandon","142981","Natalie","95086"
2000,"22","Christian","142401","Kayla","94345"
2000,"23","Dylan","140110","Jessica","90658"
2000,"24","Samuel","138558","Anna","90256"
2000,"25","Benjamin","137276","Victoria","84951"
2000,"26","Nathan","134831","Mia","83502"
2000,"27","Zachary","134748","Hailey","81976"
2000,"28","Logan","134020","Sydney","76438"
2000,"29","Justin","122975","Jasmine","76057"
2000,"30","Gabriel","119814","Julia","70867"
2000,"31","Jose","115725","Morgan","70745"
2000,"32","Austin","112758","Destiny","69800"
2000,"33","Kevin","111066","Rachel","68350"
2000,"34","Elijah","110385","Ella","67514"
2000,"35","Caleb","110068","Kaitlyn","66906"
2000,"36","Robert","106643","Megan","66830"
2000,"37","Thomas","102084","Katherine","65346"
2000,"38","Jordan","101168","Savannah","64747"
2000,"39","Cameron","95883","Jennifer","63497"
2000,"40","Jack","95503","Alexandra","61246"
2000,"41","Hunter","94843","Allison","59963"
2000,"42","Jackson","94482","Haley","57051"
2000,"43","Angel","94320","Maria","56981"
2000,"44","Isaiah","92763","Kaylee","56420"
2000,"45","Evan","92138","Lily","56179"
2000,"46","Isaac","90726","Makayla","54978"
2000,"47","Luke","90490","Brooke","54683"
2000,"48","Mason","90486","Nicole","54575"
2000,"49","Jayden","88580","Mackenzie","54547"
2000,"50","Jason","88547","Addison","51380"
2000,"51","Gavin","88436","Stephanie","49951"
2000,"52","Aaron","86965","Lillian","49383"
2000,"53","Connor","85978","Andrea","49179"
2000,"54","Aiden","83533","Faith","48773"
2000,"55","Aidan","76502","Zoe","48749"
2000,"56","Kyle","76149","Kimberly","48482"
2000,"57","Juan","75839","Madeline","48277"
2000,"58","Charles","75325","Alexa","48110"
2000,"59","Luis","74319","Katelyn","47835"
2000,"60","Adam","71010","Gabriella","47390"
2000,"61","Lucas","70983","Gabrielle","47016"
2000,"62","Brian","69761","Trinity","46883"
2000,"63","Eric","69475","Amanda","46613"
2000,"64","Adrian","66112","Kylie","46437"
2000,"65","Nathaniel","64257","Mary","46240"
2000,"66","Sean","64124","Paige","45574"
2000,"67","Alex","63771","Riley","45524"
2000,"68","Carlos","63180","Leah","45418"
2000,"69","Bryan","61926","Jenna","45293"
2000,"70","Ian","61922","Sara","44040"
2000,"71","Owen","61869","Rebecca","43705"
2000,"72","Jesus","61310","Michelle","43529"
2000,"73","Landon","61120","Sofia","43372"
2000,"74","Julian","60378","Vanessa","43225"
2000,"75","Chase","57161","Jordan","43178"
2000,"76","Cole","56840","Angelina","42807"
2000,"77","Diego","56034","Caroline","41843"
2000,"78","Jeremiah","55660","Avery","41698"
2000,"79","Steven","53896","Audrey","41512"
2000,"80","Sebastian","53856","Evelyn","40726"
2000,"81","Xavier","52467","Maya","40025"
2000,"82","Timothy","52454","Claire","39005"
2000,"83","Carter","52316","Autumn","38529"
2000,"84","Wyatt","51341","Jocelyn","38383"
2000,"85","Brayden","50373","Ariana","38003"
2000,"86","Blake","50104","Nevaeh","37937"
2000,"87","Hayden","50042","Arianna","37828"
2000,"88","Devin","49423","Jada","37075"
2000,"89","Cody","48875","Bailey","36874"
2000,"90","Richard","48575","Brooklyn","36858"
2000,"91","Seth","48155","Aaliyah","36376"
2000,"92","Dominic","48107","Amber","36214"
2000,"93","Jaden","46268","Isabel","36034"
2000,"94","Antonio","46239","Mariah","35679"
2000,"95","Miguel","46090","Danielle","35615"
2000,"96","Liam","44935","Melanie","35222"
2000,"97","Patrick","44777","Sierra","34527"
2000,"98","Carson","44630","Erin","33362"
2000,"99","Jesse","43383","Amelia","33279"
2000,"100","Tristan","43294","Molly","33265"
2010,"1","Noah","183172","Emma","194917"
2010,"2","Liam","173888","Olivia","184432"
2010,"3","Jacob","163114","Sophia","181032"
2010,"4","William","159833","Isabella","170417"
2010,"5","Mason","157787","Ava","155761"
2010,"6","Ethan","149000","Mia","128986"
2010,"7","Michael","145020","Abigail","118634"
2010,"8","Alexander","142043","Emily","117556"
2010,"9","James","139564","Charlotte","102409"
2010,"10","Elijah","136937","Madison","98351"
2010,"11","Benjamin","134405","Elizabeth","93981"
2010,"12","Daniel","133807","Amelia","93773"
2010,"13","Aiden","129546","Evelyn","86929"
2010,"14","Logan","126751","Ella","85864"
2010,"15","Jayden","125963","Chloe","85235"
2010,"16","Matthew","124993","Harper","85137"
2010,"17","Lucas","118591","Avery","82881"
2010,"18","David","116585","Sofia","82357"
2010,"19","Jackson","116163","Grace","72980"
2010,"20","Joseph","115573","Addison","70966"
2010,"21","Anthony","112025","Victoria","70965"
2010,"22","Samuel","108026","Lily","68252"
2010,"23","Joshua","106144","Natalie","68090"
2010,"24","Gabriel","105493","Aubrey","65878"
2010,"25","Andrew","104972","Lillian","64910"
2010,"26","John","102677","Zoey","64893"
2010,"27","Christopher","102040","Hannah","64450"
2010,"28","Oliver","98098","Layla","63165"
2010,"29","Dylan","96306","Brooklyn","60270"
2010,"30","Carter","95188","Scarlett","58240"
2010,"31","Isaac","94466","Zoe","58064"
2010,"32","Luke","93220","Camila","57875"
2010,"33","Henry","92537","Samantha","56900"
2010,"34","Owen","91066","Riley","56105"
2010,"35","Ryan","90941","Leah","55992"
2010,"36","Nathan","87979","Aria","52207"
2010,"37","Wyatt","87683","Savannah","51809"
2010,"38","Caleb","86661","Audrey","51585"
2010,"39","Sebastian","86628","Anna","51241"
2010,"40","Jack","85656","Allison","48975"
2010,"41","Christian","84097","Gabriella","48086"
2010,"42","Jonathan","79797","Hailey","47717"
2010,"43","Julian","79475","Claire","47716"
2010,"44","Landon","79273","Penelope","47587"
2010,"45","Levi","77890","Aaliyah","46661"
2010,"46","Isaiah","76186","Sarah","46599"
2010,"47","Hunter","74811","Nevaeh","44919"
2010,"48","Aaron","70421","Kaylee","44577"
2010,"49","Thomas","69960","Stella","44192"
2010,"50","Charles","69958","Mila","44091"
2010,"51","Eli","69811","Nora","44066"
2010,"52","Jaxon","69103","Ellie","43207"
2010,"53","Connor","68243","Bella","43131"
2010,"54","Nicholas","66748","Lucy","42000"
2010,"55","Jeremiah","66684","Alexa","41985"
2010,"56","Grayson","66356","Arianna","41769"
2010,"57","Cameron","66156","Violet","41541"
2010,"58","Brayden","65957","Ariana","41310"
2010,"59","Adrian","65936","Genesis","40494"
2010,"60","Evan","64728","Alexis","40365"
2010,"61","Jordan","64425","Eleanor","40108"
2010,"62","Josiah","63023","Maya","39743"
2010,"63","Angel","62906","Caroline","39616"
2010,"64","Robert","62594","Peyton","39592"
2010,"65","Gavin","62305","Skylar","39381"
2010,"66","Tyler","59307","Madelyn","39181"
2010,"67","Austin","59074","Serenity","38824"
2010,"68","Colton","58416","Kennedy","38573"
2010,"69","Jose","55154","Taylor","38191"
2010,"70","Dominic","55131","Alyssa","37904"
2010,"71","Brandon","54084","Autumn","37646"
2010,"72","Ian","52444","Paisley","37538"
2010,"73","Lincoln","51982","Ashley","37213"
2010,"74","Hudson","51443","Brianna","36887"
2010,"75","Kevin","51286","Sadie","36548"
2010,"76","Zachary","51110","Naomi","36151"
2010,"77","Adam","50646","Kylie","36091"
2010,"78","Mateo","50575","Julia","35884"
2010,"79","Jason","50550","Sophie","35653"
2010,"80","Chase","50293","Mackenzie","35259"
2010,"81","Nolan","50024","Eva","35185"
2010,"82","Ayden","49593","Gianna","34642"
2010,"83","Cooper","49252","Luna","34149"
2010,"84","Parker","49211","Katherine","34127"
2010,"85","Xavier","48656","Hazel","33889"
2010,"86","Asher","48484","Khloe","33794"
2010,"87","Carson","47992","Ruby","33436"
2010,"88","Jace","47432","Piper","33070"
2010,"89","Easton","46771","Melanie","33063"
2010,"90","Justin","45547","Lydia","32687"
2010,"91","Leo","44673","Aubree","32618"
2010,"92","Bentley","43877","Madeline","32357"
2010,"93","Jaxson","42341","Aurora","32111"
2010,"94","Nathaniel","41845","Faith","31926"
2010,"95","Blake","41693","Alexandra","30956"
2010,"96","Elias","40894","Alice","30612"
2010,"97","Theodore","40508","Kayla","30269"
2010,"98","Kayden","40296","Jasmine","29347"
2010,"99","Luis","39052","Maria","28948"
2010,"100","Tristan","38645","Annabelle","28921"
